Workbook

Sheet Daftar HPP
B2: HPP D'CELUP CHICKEN CRISPY EXTRA
B4: HPP D'CELUP CHICKEN CRISPY EXTRA
B5: No | C5: Nama bahan | D5: qty | E5: satuan | F5: Jumlah | G5: Harga/gr
B6: 1 | C6: Ayam karkas Brt 1.000 / 1.100 gr | D6: 1000 | E6: gr | F6: 34000 | G6: =F6/D6 -> 34
B7: 2 | C7: Ayam Karkas 1 ekor 800/900 gr | D7: 1 | E7: Ekor | F7: 26000 | G7: =F7/D7 -> 26000
B8: 3 | C8: Bumbu Marinasi Ayam | D8: 500 | E8: gr | F8: 35150 | G8: =F8/D8 -> 70.3
B9: 4 | C9: Tepung Krispy | D9: 1000 | E9: gr | F9: 19000 | G9: =F9/D9 -> 19
B10: 5 | C10: Minyak Goreng | D10: 2000 | E10: ml | F10: 35000 | G10: =F10/D10 -> 17.5
B11: 6 | C11: Gas 3kg untuk 200 potong ayam | D11: 200 | E11: potong | F11: 22000 | G11: =F11/D11 -> 110
B12: 7 | C12: Gula Pasir | D12: 1000 | E12: gr | F12: 15000 | G12: =F12/D12 -> 15
B13: 8 | C13: Nasi (beras 1L=10 porsi) | D13: 10 | E13: porsi | F13: 12000 | G13: =F13/D13 -> 1200
B14: 9 | C14: Air Galon Isi Ulang | D14: 19000 | E14: ml | F14: 6000 | G14: =F14/D14 -> 0.31578947 | J14: Note
B15: 10 | C15: Saus Keju | D15: 1000 | E15: gr | F15: 53200 | G15: =F15/D15 -> 53.2 | K15: HPP Ayam Crispy Potong
B16: 11 | C16: Saus Barbeque Spicy | D16: 1000 | E16: gr | F16: 60800 | G16: =F16/D16 -> 60.8 | K16: HPP Ayam Crispy 1 Ekor
B17: 12 | C17: Saus Lada Hitam | D17: 1000 | E17: gr | F17: 58900 | G17: =F17/D17 -> 58.9 | K17: HPP Kentang Kriwil
B18: 13 | C18: Saus Sadis | D18: 1000 | E18: gr | F18: 61750 | G18: =F18/D18 -> 61.75 | K18: HPP Kentang French Fries
B19: 14 | C19: Saus Teriyaki | D19: 1000 | E19: gr | F19: 57000 | G19: =F19/D19 -> 57 | K19: HPP Saus DCC Extra
B20: 15 | C20: Saus sachet 8 gr Cabai / tomat | D20: 24 | E20: pcs | F20: 12000 | G20: =F20/D20 -> 500 | K20: HPP Saus Topping DCC Extra
B21: 16 | C21: Keju Mozzarella | D21: 160 | E21: gr | F21: 26000 | G21: =F21/D21 -> 162.5
B22: 17 | C22: Saus Mentai | D22: 1000 | E22: gr | F22: 66500 | G22: =F22/D22 -> 66.5
B23: 18 | C23: Saus Garlic | D23: 1000 | E23: gr | F23: 60800 | G23: =F23/D23 -> 60.8
B24: 19 | C24: Saus Carbonara | D24: 1000 | E24: gr | F24: 79800 | G24: =F24/D24 -> 79.8
B25: 20 | C25: Saus Mayo Spicy | D25: 1000 | E25: gr | F25: 76000 | G25: =F25/D25 -> 76
B26: 21 | C26: Saus Keju Bubuk | D26: 200 | E26: gr | F26: 40000 | G26: =F26/D26 -> 200
B27: 22 | C27: Kertas Nasi | D27: 1 | E27: lembar | F27: 270 | G27: =F27/D27 -> 270
B28: 23 | C28: Kentang kuning dieng | D28: 1000 | E28: gr | F28: 18000 | G28: =F28/D28 -> 18
B29: 24 | C29: Kentang French Fries | D29: 900 | E29: gr | F29: 41500 | G29: =F29/D29 -> 46.111111
B30: 25 | C30: Cabe Rawit Merah | D30: 1000 | E30: gr | F30: 40000 | G30: =F30/D30 -> 40
B31: 26 | C31: Cabe Kriting Merah | D31: 1000 | E31: gr | F31: 40000 | G31: =F31/D31 -> 40
B32: 27 | C32: Bumbu 1 (2 sdm) | D32: 500 | E32: gr | F32: 35150 | G32: =F32/D32 -> 70.3
... B40: 35 | C40: Packaging Alumunium Foil | D40: 1 | E40: pcs | F40: 2500 | G40: =F40/D40 -> 2500
B42: HPP AYAM CRISPY POTONGAN
B43: Ayam Potong 10 Rata | H43: 3. Hpp Tepung Premix Crispy
B44: 1. Hpp Marinasi Ayam Bagian Dada & Paha Atas | H44: No | I44: Nama Bahan | J44: Qty | K44: Satuan | L44: Jumlah
B45: No | C45: Nama Bahan | D45: Qty | E45: Satuan | F45: Jumlah | H45: 1 | I45: Tepung Premix Crispy | J45: 1000 | K45: gr | L45: =J45*$G$9 -> 19000
B46: 1 | C46: Ayam 10 potong | D46: 1000 | E46: gr | F46: =D46*$G$6 -> 34000 | H46: 1 kg Tepung Bisa Untuk 20 potong ayam | J46: Total | L46: =SUM(L45:L45) -> 19000
B47: 2 | C47: Bumbu Marinasi | D47: 20 | E47: gr | F47: =D47*$G$8 -> 1406 | J47: Dibagi / Potong Ayam | L47: 20
D48: Total | F48: =SUM(F46:F47) -> 35406 | J48: Hpp / Potong | L48: =L46/L47 -> 950
D49: Dibagi / Potong | F49: 10
D50: Hpp / Potong | F50: =F48/F49 -> 3540.6 | H50: 4. HPP 1 Potong Ayam Krispy Matang
H51: No | I51: Nama Bahan | J51: Qty | K51: Satuan | L51: Jumlah
B52: 2. Hpp Pencelup | H52: 1 | I52: Ayam Marinasi | J52: 1 | K52: Potong | L52: =J52*F50 -> 3540.6
B53: No | C53: Nama Bahan | D53: Qty | E53: Satuan | F53: Jumlah | H53: 2 | I53: Pencelup | J53: 1 | K53: Potong | L53: =J53*F57 -> 12.631579
B54: 1 | C54: Air | D54: 2000 | E54: ml | F54: =D54*$G$14 -> 631.57895 | H54: 3 | I54: Tepung Premix Crispy | J54: 1 | K54: Potong | L54: =J54*L48 -> 950
B55: 1 Resep Celupan bisa Untuk 50 ptg ayam | D55: Total | F55: =SUM(F54:F54) -> 631.57895 | H55: 4 | I55: Gas | J55: 1 | K55: Pemakaian | L55: =J55*$G$11 -> 110
D56: Dibagi / Potong Ayam | F56: 50 | H56: 5 | I56: Minyak | J56: 15 | K56: ml | L56: =J56*$G$10 -> 262.5
D57: Hpp / Potong | F57: =F55/F56 -> 12.631579 | J57: Total | L57: =SUM(L52:L56) -> 4875.7316
B59: HPP AYAM CRISPY 1 EKOR
B60: Ayam 1 Ekor | H60: 3. Hpp Tepung Premix Crispy
B61: 1. Hpp Marinasi Ayam 1 Ekor | H61: No | I61: Nama Bahan | J61: Qty | K61: Satuan | L61: Jumlah
B62: No | C62: Nama Bahan | D62: Qty | E62: Satuan | F62: Jumlah | H62: 1 | I62: Tepung Premix Crispy | J62: 270 | K62: gr | L62: =J62*$G$9 -> 5130
B63: 1 | C63: Ayam 800/900 gr | D63: 1 | E63: Ekor | F63: =D63*G7 -> 26000 | H63: 1 kg Tepung Bisa Untuk 3 Ekor ayam | J63: Hpp / Potong | L63: =SUM(L62) -> 5130
B64: 2 | C64: Bumbu Marinasi | D64: 20 | E64: gr | F64: =D64*$G$9 -> 380
D65: Total HPP | F65: =SUM(F63:F64) -> 26380 | H65: 3. HPP 1 Potong Ayam Krispy Matang
H66: No | I66: Nama Bahan | J66: Qty | K66: Satuan | L66: Jumlah
B67: 2. Hpp Pencelup | H67: 1 | I67: Ayam Marinasi Utuh | J67: 1 | K67: Potong | L67: =J67*F65 -> 26380
B68: No | C68: Nama Bahan | D68: Qty | E68: Satuan | F68: Jumlah | H68: 2 | I68: Pencelup | J68: 1 | K68: Potong | L68: =J68*F72 -> 31.578947
B69: 1 | C69: Air | D69: 2000 | E69: ml | F69: =D69*$G$14 -> 631.57895 | H69: 3 | I69: Tepung Premix Crispy | J69: 1 | K69: Potong | L69: =J69*L63 -> 5130
B70: 1 Resep Celupan bisa Untuk 50 ptg ayam | D70: Total | F70: =SUM(F69:F69) -> 631.57895 | H70: 4 | I70: Gas | J70: 1 | K70: Pemakaian | L70: =J70*$G$11 -> 110
D71: Dibagi / Potong Ayam | F71: 20 | H71: 5 | I71: Minyak | J71: 50 | K71: ml | L71: =J71*$G$10 -> 875
D72: Hpp / Potong | F72: =F70/F71 -> 31.578947 | J72: Total | L72: =SUM(L67:L71) -> 32526.579
B74: HPP KENTANG KRIWIL
B75: 1. ) HPP Kentang Kriwil | H75: 3. ) HPP Kentang Kriwil Porsi Reguler 100gr
B76: No | C76: Nama bahan | D76: qty | E76: satuan | F76: Jumlah | H76: Tanpa Packaging & Saos
B77: 1 | C77: Kentang | D77: 1000 | E77: gr | F77: =D77*$G$28 -> 18000 | H77: No | I77: Nama bahan | J77: qty | K77: satuan | L77: Jumlah
B78: 2 | C78: Tepung Crispy | D78: 750 | E78: gr | F78: =D78*$G$9 -> 14250 | H78: 1 | I78: Kentang Kriwil | J78: 100 | K78: gr | L78: =J78*$F$82 -> 3455.2846
B79: 3 | C79: Minyak | D79: 100 | E79: ml | F79: =D79*$G$10 -> 1750 | H79: 2 | I79: Air celupan | J79: 1 | K79: porsi | L79: =J79*$F$90 -> 197.89474
D80: Total | F80: =SUM(F77:F79) -> 34000 | H80: 3 | I80: Gas | J80: 1 | K80: Pemakaian | L80: =J80*$G$11 -> 110
D81: Berat Matang / gr | F81: 984 | J81: Total | L81: =SUM(L78:L80) -> 3763.1793
D82: total hpp / gr | F82: =F80/F81 -> 34.552846
H83: 3. ) HPP Kentang Kriwil Porsi Reguler 200gr
B84: 2. ) HPP Air Celupan | H84: Tanpa Packaging & Saos
B85: No | C85: Nama bahan | D85: qty | E85: satuan | F85: Jumlah | H85: No | I85: Nama bahan | J85: qty | K85: satuan | L85: Jumlah
B86: 1 | C86: Air | D86: 500 | E86: ml | F86: =D86*G14 -> 157.89474 | H86: 1 | I86: Kentang Kriwil | J86: 200 | K86: gr | L86: =J86*$F$82 -> 6910.5691
B87: 2 | C87: Tepung Crispy | D87: 200 | E87: gr | F87: =D87*G9 -> 3800 | H87: 2 | I87: Air celupan | J87: 1 | K87: porsi | L87: =J87*$F$90 -> 197.89474
D88: Total | F88: =SUM(F84:F87) -> 3957.8947 | H88: 3 | I88: Gas | J88: 1 | K88: Pemakaian | L88: =J88*$G$11 -> 110
D89: Untuk Kentang Kriwil | F89: 20 | J89: Total | L89: =SUM(L86:L88) -> 7218.4638
D90: Hpp celupan / Porsi | F90: =F88/F89 -> 197.89474
B92: HPP KENTANG FRENCH FRIES
B93: 1. ) HPP Kentang French Fries Matang | H93: 3. ) HPP Kentang French Fries Double 150 gr
B94: No | C94: Nama bahan | D94: qty | E94: satuan | F94: Jumlah | H94: No | I94: Nama bahan | J94: qty | K94: satuan | L94: Jumlah
B95: 1 | C95: Kentang French Fries | D95: 500 | E95: gr | F95: =D95*G29 -> 23055.556 | H95: 1 | I95: Kentang French Fries | J95: 150 | K95: gr | L95: =J95*$F$100 -> 11489.685
B96: 2 | C96: Minyak | D96: 20 | E96: ml | F96: =D96*G10 -> 350 | J96: Total | L96: =SUM(L93:L95) -> 11489.685
B97: 3 | C97: Gas | D97: 1 | E97: Pemakaian | F97: =D97*$G$11 -> 110
D98: Total | F98: =SUM(F95:F97) -> 23515.556 | H98: 4. ) HPP Kentang French Fries Double 200 gr
D99: Berat Matang / gr | F99: 307 | H99: No | I99: Nama bahan | J99: qty | K99: satuan | L99: Jumlah
D100: total hpp / gr | F100: =F98/F99 -> 76.597901 | H100: 1 | I100: Kentang French Fries | J100: 200 | K100: gr | L100: =J100*$F$100 -> 15319.58
J101: Total | L101: =SUM(L98:L100) -> 15319.58
B102: 2. ) HPP Kentang French Fries Standar 100 gr
B103: No | C103: Nama bahan | D103: qty | E103: satuan | F103: Jumlah
B104: 1 | C104: Kentang French Fries | D104: 100 | E104: gr | F104: =D104*$F$100 -> 7659.7901
D105: Total | F105: =SUM(F102:F104) -> 7659.7901
B107: HPP SAUS & SAMBAL D'CELUP CHICKEN CRISPY EXTRA
B108: 1 ) HPP Saus Sadis | H108: 4 ) HPP Saus Lada Hitam
B109: No | C109: Item | D109: Qty | E109: Satuan | F109: Jumlah | H109: No | I109: Item | J109: Qty | K109: Satuan | L109: Jumlah
B110: 1 | C110: Saus Sadis | D110: 250 | E110: gr | F110: =D110*G18 -> 15437.5 | H110: 1 | I110: Saus Lada Hitam | J110: 250 | K110: gr | L110: =J110*G17 -> 14725
B111: 2 | C111: Air Panas | D111: 75 | E111: ml | F111: =D111*$G$14 -> 23.684211 | H111: 2 | I111: Air | J111: 75 | K111: ml | L111: =J111*$G$14 -> 23.684211
C112: Total | F112: =SUM(F110:F111) -> 15461.184 | I112: Total | L112: =SUM(L110:L111) -> 14748.684
C113: Berat Matang | D113: 330 | E113: gr | I113: Berat Matang | J113: 330 | K113: gr
C114: Hpp | E114: gr | F114: =F112/D113 -> 46.852073 | I114: Hpp | K114: gr | L114: =L112/J113 -> 44.692982
...

Sheet Ayam Crispy Potong
B2: HPP & HARGA JUAL D'CELUP CHICKEN CRISPY EXTRA
B3: 1 .Ayam Krispy Original | H3: 5 .Varian Saus Sadis | N3: 9. Ayam Krispy Sambal Geprek Extra Sambal + Keju Mozzarella
B4: Ket : Ayam Crispy + Saus Sachet + Packaging Retail | H4: Ket : Ayam Crispy + Saus Sadis + Packaging Box Kecil | N4: Ket : Ayam Crispy + Sambal Geprek + Extra Sambal Geprek + Keju Mozzarella + Packaging box kecil
B5: No | C5: Item | D5: Qty | E5: Satuan | F5: Jumlah | H5: No | I5: Item | J5: Qty | K5: Satuan | L5: Jumlah | N5: No | O5: Item | P5: Qty | Q5: Satuan | R5: Jumlah
B6: 1 | C6: Ayam Crispy | D6: 1 | E6: potong | F6: =D6*'Daftar HPP'!$L$57 -> 4875.7316 | H6: 1 | I6: Ayam Crispy | J6: 1 | K6: potong | L6: =J6*'Daftar HPP'!$L$57 -> 4875.7316 | N6: 1 | O6: Ayam Crispy | P6: 1 | Q6: potong | R6: =P6*'Daftar HPP'!$L$57 -> 4875.7316
B7: 2 | C7: Saus sachet | D7: 1 | E7: pcs | F7: =D7*'Daftar HPP'!$G$20 -> 500 | H7: 2 | I7: Saus Sadis | J7: 40 | K7: gr | L7: =J7*'Daftar HPP'!$F$114 -> 1874.0829 | N7: 2 | O7: Sambal Geprek Celup | P7: 60 | Q7: gr | R7: =P7*'Daftar HPP'!$L$134 -> 2200.4203
B8: 3 | C8: Packaging Retail | D8: 1 | E8: Lembar | F8: =D8*'Daftar HPP'!$G$37 -> 388 | H8: 3 | I8: Packaging Box Kecil | J8: 1 | K8: Lembar | L8: =J8*'Daftar HPP'!$G$38 -> 810 | N8: 3 | O8: Extra Sambal Geprek | P8: 30 | Q8: gr | R8: =P8*'Daftar HPP'!$L$134 -> 1100.2101
D9: Total | F9: =SUM(F6:F8) -> 5763.7316 | J9: Total | L9: =SUM(L6:L8) -> 7559.8145 | N9: 4 | O9: Keju Mozzarella | P9: 25 | Q9: gr | R9: =P9*'Daftar HPP'!$G$21 -> 4062.5
D10: Harga Jual | F10: 10000 | J10: Harga Jual | L10: 13000 | N10: 5 | O10: Packaging Box Kecil | P10: 1 | Q10: Lembar | R10: =P10*'Daftar HPP'!$G$38 -> 810
D11: Margine | F11: =F10-F9 -> 4236.2684 | J11: Margine | L11: =L10-L9 -> 5440.1855 | P11: Total | R11: =SUM(R6:R10) -> 13048.862
P12: Harga Jual
B13: 2 .Varian Saus Keju | H13: 6 .Varian Saus BBQ Spicy | P13: Margine
B14: Ket : Ayam Crispy + Saus Keju + Packaging Box Kecil | H14: Ket : Ayam Crispy + Saus BBQ Spicy + Packaging Box Kecil
B15: No | C15: Item | D15: Qty | E15: Satuan | F15: Jumlah | H15: No | I15: Item | J15: Qty | K15: Satuan | L15: Jumlah | N15: 10. Ayam Krispy Sambal Geprek Extra Sambal + Saus Mentai
B16: 1 | C16: Ayam Crispy | D16: 1 | E16: potong | F16: =D16*'Daftar HPP'!$L$57 -> 4875.7316 | H16: 1 | I16: Ayam Crispy | J16: 1 | K16: potong | L16: =J16*'Daftar HPP'!$L$57 -> 4875.7316 | N16: Ket : Ayam Crispy + Sambal Geprek + Extra Sambal Geprek + Saus Mentai + Packaging box kecil
B17: 2 | C17: Saus Keju | D17: 50 | E17: gr | F17: =D17*'Daftar HPP'!$L$122 -> 1802.6316 | H17: 2 | I17: Saus BBQ Spicy | J17: 40 | K17: gr | L17: =J17*'Daftar HPP'!$F$123 -> 1845.2951 | N17: No | O17: Item | P17: Qty | Q17: Satuan | R17: Jumlah
B18: 3 | C18: Packaging Box Kecil | D18: 1 | E18: Lembar | F18: =D18*'Daftar HPP'!$G$38 -> 810 | H18: 3 | I18: Packaging Box Kecil | J18: 1 | K18: Lembar | L18: =J18*'Daftar HPP'!$G$38 -> 810 | N18: 1 | O18: Ayam Crispy | P18: 1 | Q18: potong | R18: =P18*'Daftar HPP'!$L$57 -> 4875.7316
D19: Total | F19: =SUM(F16:F18) -> 7488.3632 | J19: Total | L19: =SUM(L16:L18) -> 7531.0266 | N19: 2 | O19: Sambal Geprek Celup | P19: 60 | Q19: gr | R19: =P19*'Daftar HPP'!$L$134 -> 2200.4203
D20: Harga Jual | F20: 13000 | J20: Harga Jual | L20: 13000 | N20: 3 | O20: Extra Sambal Geprek | P20: 30 | Q20: gr | R20: =P20*'Daftar HPP'!$L$134 -> 1100.2101
D21: Margine | F21: =F20-F19 -> 5511.6368 | J21: Margine | L21: =L20-L19 -> 5468.9734 | N21: 4 | O21: Saus Mentai | P21: 30 | Q21: gr | R21: =P21*'Daftar HPP'!$G$22 -> 1995
N22: 5 | O22: Packaging Box Kecil | P22: 1 | Q22: Lembar | R22: =P22*'Daftar HPP'!$G$38 -> 810
B23: 3 .Varian Saus Lada Hitam | H23: 7. Varian Saus Mentai | P23: Total | R23: =SUM(R18:R22) -> 10981.362
B24: Ket : Ayam Crispy + Saus Lada Hitam + Packaging Box Kecil | H24: Ket : Ayam Crispy + Saus Mentai + Packaging Box Kecil | P24: Harga Jual
B25: No | C25: Item | D25: Qty | E25: Satuan | F25: Jumlah | H25: No | I25: Item | J25: Qty | K25: Satuan | L25: Jumlah | P25: Margine
B26: 1 | C26: Ayam Crispy | D26: 1 | E26: potong | F26: =D26*'Daftar HPP'!$L$57 -> 4875.7316 | H26: 1 | I26: Ayam Crispy | J26: 1 | K26: potong | L26: =J26*'Daftar HPP'!$L$57 -> 4875.7316
B27: 2 | C27: Saus Lada Hitam | D27: 40 | E27: gr | F27: =D27*'Daftar HPP'!$L$114 -> 1787.7193 | H27: 2 | I27: Saus Mentai | J27: 40 | K27: gr | L27: =J27*'Daftar HPP'!$G$22 -> 2660
B28: 3 | C28: Packaging Box Kecil | D28: 1 | E28: Lembar | F28: =D28*'Daftar HPP'!$G$38 -> 810 | H28: 3 | I28: Packaging Box Kecil | J28: 1 | K28: Lembar | L28: =J28*'Daftar HPP'!$G$38 -> 810
D29: Total | F29: =SUM(F26:F28) -> 7473.4509 | J29: Total | L29: =SUM(L26:L28) -> 8345.7316
D30: Harga Jual | F30: 13000 | J30: Harga Jual | L30: 13000
D31: Margine | F31: =F30-F29 -> 5526.5491 | J31: Margine | L31: =L30-L29 -> 4654.2684
B33: 4 .Varian Saus Teriyaki | H33: 8. Ayam Krispy Sambal Geprek
B34: Ket : Ayam Crispy + Saus Teriyaki + Packaging Box Kecil | H34: Ket : Ayam Crispy + Sambal Geprek + Packaging box kecil
B35: No | C35: Item | D35: Qty | E35: Satuan | F35: Jumlah | H35: No | I35: Item | J35: Qty | K35: Satuan | L35: Jumlah
B36: 1 | C36: Ayam Crispy | D36: 1 | E36: potong | F36: =D36*'Daftar HPP'!$L$57 -> 4875.7316 | H36: 1 | I36: Ayam Crispy | J36: 1 | K36: potong | L36: =J36*'Daftar HPP'!$L$57 -> 4875.7316
B37: 2 | C37: Saus Teriyaki | D37: 40 | E37: gr | F37: =D37*'Daftar HPP'!$F$131 -> 1730.1435 | H37: 2 | I37: Sambal Geprek | J37: 60 | K37: gr | L37: =J37*'Daftar HPP'!$L$134 -> 2200.4203
B38: 3 | C38: Packaging Box Kecil | D38: 1 | E38: Lembar | F38: =D38*'Daftar HPP'!$G$38 -> 810 | H38: 3 | I38: Packaging Box Kecil | J38: 1 | K38: Lembar | L38: =J38*'Daftar HPP'!$G$38 -> 810
D39: Total | F39: =SUM(F36:F38) -> 7415.8751 | J39: Total | L39: =SUM(L36:L38) -> 7886.1519
D40: Harga Jual | F40: 13000 | J40: Harga Jual | L40: 13000
D41: Margine | F41: =F40-F39 -> 5584.1249 | J41: Margine | L41: =L40-L39 -> 5113.8481
B43: HPP & HARGA JUAL D'CELUP CHICKEN CRISPY EXTRA
B44: 1. Ayam Krispy Original | H44: 5. Varian Saus Sadis | N44: 9. Ayam Krispy Sambal Geprek Extra Sambal + Keju Mozzarella
B45: Ket : Ayam Crispy + Saus Sachet + Nasi + Packaging Besar | H45: Ket : Ayam Crispy + Saus Sadis + Nasi + Packaging Box Besar | N45: Ket : Ayam Crispy + Sambal Geprek + Extra Sambal Geprek + Keju Mozzarella + Nasi + Packaging box Besar
B46: No | C46: Item | D46: Qty | E46: Satuan | F46: Jumlah | H46: No | I46: Item | J46: Qty | K46: Satuan | L46: Jumlah | N46: No | O46: Item | P46: Qty | Q46: Satuan | R46: Jumlah
B47: 1 | C47: Ayam Crispy | D47: 1 | E47: potong | F47: =D47*'Daftar HPP'!$L$57 -> 4875.7316 | H47: 1 | I47: Ayam Crispy | J47: 1 | K47: potong | L47: =J47*'Daftar HPP'!$L$57 -> 4875.7316 | N47: 1 | O47: Ayam Crispy | P47: 1 | Q47: potong | R47: =P47*'Daftar HPP'!$L$57 -> 4875.7316
B48: 2 | C48: Saus sachet | D48: 1 | E48: pcs | F48: =D48*'Daftar HPP'!$G$20 -> 500 | H48: 2 | I48: Saus Sadis | J48: 40 | K48: gr | L48: =J48*'Daftar HPP'!$F$114 -> 1874.0829 | N48: 2 | O48: Sambal Geprek | P48: 60 | Q48: gr | R48: =P48*'Daftar HPP'!$L$134 -> 2200.4203
B49: 3 | C49: Nasi | D49: 1 | E49: Porsi | F49: =D49*'Daftar HPP'!$G$13 -> 1200 | H49: 3 | I49: Nasi | J49: 1 | K49: Porsi | L49: =J49*'Daftar HPP'!$G$13 -> 1200 | N49: 3 | O49: Extra Sambal Geprek | P49: 30 | Q49: gr | R49: =P49*'Daftar HPP'!$L$134 -> 1100.2101
B50: 4 | C50: Kertas Nasi | D50: 1 | E50: Lembar | F50: =D50*'Daftar HPP'!$G$27 -> 270 | H50: 4 | I50: Kertas Nasi | J50: 1 | K50: Lembar | L50: =J50*'Daftar HPP'!$G$27 -> 270 | N50: 4 | O50: Keju Mozzarella | P50: 25 | Q50: gr | R50: =P50*'Daftar HPP'!$G$21 -> 4062.5
B51: 5 | C51: Packaging Box Besar | D51: 1 | E51: Lembar | F51: =D51*'Daftar HPP'!$G$36 -> 945 | H51: 5 | I51: Packaging Box Besar | J51: 1 | K51: Lembar | L51: =J51*'Daftar HPP'!$G$36 -> 945 | N51: 5 | O51: Nasi | P51: 1 | Q51: Porsi | R51: =P51*'Daftar HPP'!$G$13 -> 1200
D52: Total | F52: =SUM(F47:F51) -> 7790.7316 | J52: Total | L52: =SUM(L47:L51) -> 9164.8145 | N52: 6 | O52: Kertas Nasi | P52: 1 | Q52: Lembar | R52: =P52*'Daftar HPP'!$G$27 -> 270
D53: Harga Jual | F53: 14000 | J53: Harga Jual | L53: 17000 | N53: 7 | O53: Packaging Box Besar | P53: 1 | Q53: Lembar | R53: =P53*'Daftar HPP'!$G$36 -> 945
D54: Margine | F54: =F53-F52 -> 6209.2684 | J54: Margine | L54: =L53-L52 -> 7835.1855 | P54: Total | R54: =SUM(R47:R53) -> 14653.862
P55: Harga Jual
B56: 2. Varian Saus Keju | H56: 6. Varian Saus BBQ Spicy | P56: Margine
B57: Ket : Ayam Crispy + Saus Keju + Nasi + Packaging Box Besar | H57: Ket : Ayam Crispy + Saus BBQ Spicy + Nasi + Packaging Box Besar
B58: No | C58: Item | D58: Qty | E58: Satuan | F58: Jumlah | H58: No | I58: Item | J58: Qty | K58: Satuan | L58: Jumlah | N58: 10. Ayam Krispy Sambal Geprek Extra Sambal + Saus Mentai
B59: 1 | C59: Ayam Crispy | D59: 1 | E59: potong | F59: =D59*'Daftar HPP'!$L$57 -> 4875.7316 | H59: 1 | I59: Ayam Crispy | J59: 1 | K59: potong | L59: =J59*'Daftar HPP'!$L$57 -> 4875.7316 | N59: Ket : Ayam Crispy + Sambal Geprek + Extra Sambal Geprek + Saus Mentai + Nasi + Packaging box Besar
B60: 2 | C60: Saus Keju | D60: 50 | E60: gr | F60: =D60*'Daftar HPP'!$L$122 -> 1802.6316 | H60: 2 | I60: Saus BBQ Spicy | J60: 40 | K60: gr | L60: =J60*'Daftar HPP'!$F$123 -> 1845.2951 | N60: No | O60: Item | P60: Qty | Q60: Satuan | R60: Jumlah
B61: 3 | C61: Nasi | D61: 1 | E61: Porsi | F61: =D61*'Daftar HPP'!$G$13 -> 1200 | H61: 3 | I61: Nasi | J61: 1 | K61: Porsi | L61: =J61*'Daftar HPP'!$G$13 -> 1200 | N61: 1 | O61: Ayam Crispy | P61: 1 | Q61: potong | R61: =P61*'Daftar HPP'!$L$57 -> 4875.7316
B62: 4 | C62: Kertas Nasi | D62: 1 | E62: Lembar | F62: =D62*'Daftar HPP'!$G$27 -> 270 | H62: 4 | I62: Kertas Nasi | J62: 1 | K62: Lembar | L62: =J62*'Daftar HPP'!$G$27 -> 270 | N62: 2 | O62: Sambal Geprek | P62: 60 | Q62: gr | R62: =P62*'Daftar HPP'!$L$134 -> 2200.4203
B63: 5 | C63: Packaging Box Besar | D63: 1 | E63: Lembar | F63: =D63*'Daftar HPP'!$G$36 -> 945 | H63: 5 | I63: Packaging Box Besar | J63: 1 | K63: Lembar | L63: =J63*'Daftar HPP'!$G$36 -> 945 | N63: 3 | O63: Extra Sambal Geprek | P63: 30 | Q63: gr | R63: =P63*'Daftar HPP'!$L$134 -> 1100.2101
D64: Total | F64: =SUM(F59:F63) -> 9093.3632 | J64: Total | L64: =SUM(L59:L63) -> 9136.0266 | N64: 4 | O64: Keju Mozzarella | P64: 25 | Q64: gr | R64: =P64*'Daftar HPP'!$G$21 -> 4062.5
D65: Harga Jual | F65: 17000 | J65: Harga Jual | L65: 17000 | N65: 5 | O65: Nasi | P65: 1 | Q65: Porsi | R65: =P65*'Daftar HPP'!$G$13 -> 1200
D66: Margine | F66: =F65-F64 -> 7906.6368 | J66: Margine | L66: =L65-L64 -> 7863.9734 | N66: 6 | O66: Saus Mentai | P66: 30 | Q66: gr | R66: =P66*'Daftar HPP'!$G$22 -> 1995
N67: 7 | O67: Packaging Box Besar | P67: 1 | Q67: Lembar | R67: =P67*'Daftar HPP'!$G$36 -> 945
B68: 3. Varian Saus Lada Hitam | H68: 7. Varian Saus Mentai | P68: Total | R68: =SUM(R61:R67) -> 16378.862
B69: Ket : Ayam Crispy + Saus Lada Hitam + Nasi + Packaging Box Besar | H69: Ket : Ayam Crispy + Saus Mentai + Nasi + Packaging Box Besar | P69: Harga Jual
B70: No | C70: Item | D70: Qty | E70: Satuan | F70: Jumlah | H70: No | I70: Item | J70: Qty | K70: Satuan | L70: Jumlah | P70: Margine
B71: 1 | C71: Ayam Crispy | D71: 1 | E71: potong | F71: =D71*'Daftar HPP'!$L$57 -> 4875.7316 | H71: 1 | I71: Ayam Crispy | J71: 1 | K71: potong | L71: =J71*'Daftar HPP'!$L$57 -> 4875.7316
B72: 2 | C72: Saus Lada Hitam | D72: 40 | E72: gr | F72: =D72*'Daftar HPP'!$L$114 -> 1787.7193 | H72: 2 | I72: Saus Mentai | J72: 40 | K72: gr | L72: =J72*'Daftar HPP'!$G$22 -> 2660
B73: 3 | C73: Nasi | D73: 1 | E73: Porsi | F73: =D73*'Daftar HPP'!$G$13 -> 1200 | H73: 3 | I73: Nasi | J73: 1 | K73: Porsi | L73: =J73*'Daftar HPP'!$G$13 -> 1200
B74: 4 | C74: Kertas Nasi | D74: 1 | E74: Lembar | F74: =D74*'Daftar HPP'!$G$27 -> 270 | H74: 4 | I74: Kertas Nasi | J74: 1 | K74: Lembar | L74: =J74*'Daftar HPP'!$G$27 -> 270
B75: 5 | C75: Packaging Box Besar | D75: 1 | E75: Lembar | F75: =D75*'Daftar HPP'!$G$36 -> 945 | H75: 5 | I75: Packaging Box Besar | J75: 1 | K75: Lembar | L75: =J75*'Daftar HPP'!$G$36 -> 945
D76: Total | F76: =SUM(F71:F75) -> 9078.4509 | J76: Total | L76: =SUM(L71:L75) -> 9950.7316
D77: Harga Jual | F77: 17000 | J77: Harga Jual | L77: 17000
D78: Margine | F78: =F77-F76 -> 7921.5491 | J78: Margine | L78: =L77-L76 -> 7049.2684
B80: 4. Varian Saus Teriyaki | H80: 8. Ayam Krispy Sambal Geprek
B81: Ket : Ayam Crispy + Saus Teriyaki + Nasi + Packaging Box Besar | H81: Ket : Ayam Crispy + Sambal Geprek + Nasi + Packaging box Besar
B82: No | C82: Item | D82: Qty | E82: Satuan | F82: Jumlah | H82: No | I82: Item | J82: Qty | K82: Satuan | L82: Jumlah
B83: 1 | C83: Ayam Crispy | D83: 1 | E83: potong | F83: =D83*'Daftar HPP'!$L$57 -> 4875.7316 | H83: 1 | I83: Ayam Crispy | J83: 1 | K83: potong | L83: =J83*'Daftar HPP'!$L$57 -> 4875.7316
B84: 2 | C84: Saus Teriyaki | D84: 40 | E84: gr | F84: =D84*'Daftar HPP'!$F$131 -> 1730.1435 | H84: 2 | I84: Sambal Geprek | J84: 60 | K84: gr | L84: =J84*'Daftar HPP'!$L$134 -> 2200.4203
B85: 3 | C85: Nasi | D85: 1 | E85: Porsi | F85: =D85*'Daftar HPP'!$G$13 -> 1200 | H85: 3 | I85: Nasi | J85: 1 | K85: Porsi | L85: =J85*'Daftar HPP'!$G$13 -> 1200
B86: 4 | C86: Kertas Nasi | D86: 1 | E86: Lembar | F86: =D86*'Daftar HPP'!$G$27 -> 270 | H86: 4 | I86: Kertas Nasi | J86: 1 | K86: Lembar | L86: =J86*'Daftar HPP'!$G$27 -> 270
B87: 5 | C87: Packaging Box Besar | D87: 1 | E87: Lembar | F87: =D87*'Daftar HPP'!$G$36 -> 945 | H87: 5 | I87: Packaging Box Besar | J87: 1 | K87: Lembar | L87: =J87*'Daftar HPP'!$G$36 -> 945
D88: Total | F88: =SUM(F83:F87) -> 9020.8751 | J88: Total | L88: =SUM(L83:L87) -> 9491.1519
D89: Harga Jual | F89: 17000 | J89: Harga Jual | L89: 17000
D90: Margine | F90: =F89-F88 -> 7979.1249 | J90: Margine | L90: =L89-L88 -> 7508.8481
B92: HPP & HARGA JUAL D'CELUP CHICKEN CRISPY SAUS CELUP ALL VARIAN
B94: 1. Rincian Daftar Harga PerPorsi Tanpa Nasi
B95: No | C95: Menu | F95: Qty | G95: Satuan | H95: Hpp | I95: Margine | J95: Harga Jual
B96: 1 | C96: Ayam Crispy Original | F96: 1 | G96: Porsi | H96: =F96*F9 -> 5763.7316 | I96: =J96-H96 -> 4236.2684 | J96: =F96*F10 -> 10000
B97: 2 | C97: Ayam Crispy Celup Keju | F97: 1 | G97: Porsi | H97: =F97*F19 -> 7488.3632 | I97: =J97-H97 -> 5511.6368 | J97: =F97*F20 -> 13000
B98: 3 | C98: Ayam Crispy Celup Lada Hitam | F98: 1 | G98: Porsi | H98: =F98*F29 -> 7473.4509 | I98: =J98-H98 -> 5526.5491 | J98: =F98*F30 -> 13000
B99: 4 | C99: Ayam Crispy Celup Teriyaki | F99: 1 | G99: Porsi | H99: =F99*F39 -> 7415.8751 | I99: =J99-H99 -> 5584.1249 | J99: =F99*F40 -> 13000
B100: 5 | C100: Ayam Crispy Celup Sadis | F100: 1 | G100: Porsi | H100: =F100*L9 -> 7559.8145 | I100: =J100-H100 -> 5440.1855 | J100: =F100*L10 -> 13000
B101: 6 | C101: Ayam Crispy Celup BBQ Spicy | F101: 1 | G101: Porsi | H101: =F101*L19 -> 7531.0266 | I101: =J101-H101 -> 5468.9734 | J101: =F101*L20 -> 13000
B102: 7 | C102: Ayam Crispy Saus Mentai | F102: 1 | G102: Porsi | H102: =L29 -> 8345.7316 | I102: =J102-H102 -> 4654.2684 | J102: =L30 -> 13000
B103: 8 | C103: Ayam Crispy Celup Sambal Geprek | F103: 1 | G103: Porsi | H103: =L39 -> 7886.1519 | I103: =J103-H103 -> 5113.8481 | J103: =L40 -> 13000
B104: 9 | C104: Ayam Crispy Celup Sambal Geprek Extra Sambal + Keju Mozzarella | F104: 1 | G104: Porsi | H104: =R11 -> 13048.862 | I104: =J104-H104 -> -13048.862 | J104: =R55 -> 0
B105: 10 | C105: Ayam Crispy Celup Sambal Geprek Extra Sambal + Saus Mentai | F105: 1 | G105: Porsi | H105: =R23 -> 10981.362 | I105: =J105-H105 -> -10981.362 | J105: =R24 -> 0
B107: 2. Rincian Daftar Harga PerPorsi Pakai Nasi
...

Sheet Ayam 1 Ekor
B2: HPP & HARGA JUAL D'CELUP CHICKEN CRISPY 1 EKOR (TANPA DI CELUP)
B3: 1. Ayam 1 Ekor Original
B4: Ket : Ayam 1 Ekor +Tabur Cabai + Saus Sachet + Packaging
B5: No | C5: Item | D5: Qty | E5: Satuan | F5: Jumlah
B6: 1 | C6: Ayam 1 Ekor | D6: 1 | E6: Ekor | F6: =D6*'Daftar HPP'!$L$72 -> 32526.579
B7: 2 | C7: Saus Sachet Cabe/Tomat | D7: 6 | E7: pcs | F7: =D7*'Daftar HPP'!$G$20 -> 3000
B8: 3 | C8: Packaging Ayam | D8: 1 | E8: Lembar | F8: =D8*'Daftar HPP'!$G$35 -> 1800
D9: Total | F9: =SUM(F6:F8) -> 37326.579
D10: Harga Jual | F10: 66000
D11: Margin | F11: =F10-F9 -> 28673.421
B14: HPP & HARGA JUAL D'CELUP CHICKEN CRISPY 1 EKOR + SAUS CELUP ALL VARIAN
B15: 1. Varian Celup Saus Barbeque Spicy
B16: Ket : Ayam 1 Ekor + Saus Barbeque Spicy + Packaging
B17: No | C17: Item | D17: Qty | E17: Satuan | F17: Jumlah
B18: 1 | C18: Ayam 1 Ekor | D18: 1 | E18: Ekor | F18: =D18*'Daftar HPP'!$L$72 -> 32526.579
B19: 2 | C19: Saus Barbeque Spicy | D19: 240 | E19: gr | F19: =D19*'Daftar HPP'!$F$123 -> 11071.77
B20: 3 | C20: Packaging | D20: 1 | E20: Lembar | F20: =D20*'Daftar HPP'!$G$35 -> 1800
D21: Total | F21: =SUM(F18:F20) -> 45398.349
D22: Harga Jual | F22: 76000
D23: Margine | F23: =F22-F21 -> 30601.651
B25: 1. Rincian Daftar Harga Ayam Crispy 1 Ekor
B26: No | C26: Menu | D26: Qty | E26: Satuan | F26: Hpp | G26: Margine | H26: Harga Jual
B27: 1 | C27: Ayam Crispy 1 ekor Original | D27: 1 | E27: Porsi | F27: =D27*F9 -> 37326.579 | G27: =H27-F27 -> 28673.421 | H27: =D27*F10 -> 66000
B29: 2. Rincian Daftar Harga Ayam Crispy 1 Ekor
B30: No | C30: Menu | D30: Qty | E30: Satuan | F30: Hpp | G30: Margine | H30: Harga Jual
B31: 2 | C31: Ayam Crispy Celup 1 ekor BBQ Spicy | D31: 1 | E31: Porsi | F31: =D31*F21 -> 45398.349 | G31: =H31-F31 -> 30601.651 | H31: =D31*F22 -> 76000
B33: 3. Rincian Daftar Harga Extra Saos
B34: No | C34: Menu | D34: Qty | E34: Satuan | F34: Hpp | G34: Margine | H34: Harga Jual
B35: 1 | C35: Saus Mentai | D35: 50 | E35: gr | F35: =D35*'Daftar HPP'!$G$22 -> 3325 | G35: =H35-F35 -> 5675 | H35: 9000
B36: 2 | C36: Saus Garlic | D36: 50 | E36: gr | F36: =D36*'Daftar HPP'!$G$23 -> 3040 | G36: =H36-F36 -> 5960 | H36: 9000
B37: 3 | C37: Saus Carbonara | D37: 50 | E37: gr | F37: =D37*'Daftar HPP'!$G$24 -> 3990 | G37: =H37-F37 -> 5010 | H37: 9000
B38: 4 | C38: Saus Mayo Spicy | D38: 50 | E38: gr | F38: =D38*'Daftar HPP'!$G$25 -> 3800 | G38: =H38-F38 -> 5200 | H38: 9000
B39: 5 | C39: Keju Mozzarella | D39: 50 | E39: gr | F39: =D39*'Daftar HPP'!$G$21 -> 8125 | G39: =H39-F39 -> 3875 | H39: 12000

Sheet Kentang Kriwil
B2: HPP DAN HARGA JUAL KENTANG KRIWIL
B3: PORSI REGULER | H3: PORSI LARGE
B4: 1. Kentang Kriwil Original Saus Sachet | H4: 1. Kentang Kriwil Original Saus Sachet
B5: Ket : Kentang Kriwil + Saus Sadis + Packaging Box Kecil | H5: Ket : Kentang Kriwil + Saus Sadis + Packaging Box Kecil
B6: No | C6: Item | D6: Qty | E6: Satuan | F6: Jumlah | H6: No | I6: Item | J6: Qty | K6: Satuan | L6: Jumlah
B7: 1 | C7: Kentang Kriwil | D7: 1 | E7: Porsi | F7: =D7*'Daftar HPP'!$L$81 -> 3763.1793 | H7: 1 | I7: Kentang Kriwil | J7: 1 | K7: Porsi | L7: =J7*$L$38 -> 7218.4638
B8: 2 | C8: Saus sachet | D8: 1 | E8: gr | F8: =D8*'Daftar HPP'!$G$20 -> 500 | H8: 2 | I8: Saus sachet | J8: 1 | K8: gr | L8: =J8*'Daftar HPP'!$G$20 -> 500
B9: 3 | C9: Packaging Retail | D9: 1 | E9: pcs | F9: =D9*'Daftar HPP'!$G$37 -> 388 | H9: 3 | I9: Packaging Box Kecil | J9: 1 | K9: pcs | L9: =J9*'Daftar HPP'!$G$38 -> 810
D10: Total | F10: =SUM(F7:F9) -> 4651.1793 | J10: Total | L10: =SUM(L7:L9) -> 8663.4638
D11: Harga Jual | F11: 8000 | J11: Harga Jual | L11: 14000
D12: Margine | F12: =F11-F10 -> 3348.8207 | J12: Margine | L12: =L11-L10 -> 5336.5362
B15: 2. Kentang Kriwil Saus Sadis | H15: 2. Kentang Kriwil Saus Sadis
B16: Ket : Kentang Kriwil + Saus Sadis + Packaging Box Kecil | H16: Ket : Kentang Kriwil + Saus Sadis + Packaging Box Kecil
B17: No | C17: Item | D17: Qty | E17: Satuan | F17: Jumlah | H17: No | I17: Item | J17: Qty | K17: Satuan | L17: Jumlah
B18: 1 | C18: Kentang Kriwil | D18: 1 | E18: Porsi | F18: =D18*'Daftar HPP'!$L$81 -> 3763.1793 | H18: 1 | I18: Kentang Kriwil | J18: 1 | K18: Porsi | L18: =J18*$L$38 -> 7218.4638
B19: 2 | C19: Saus Sadis | D19: 25 | E19: gr | F19: =D19*'Daftar HPP'!$F$114 -> 1171.3018 | H19: 2 | I19: Saus Sadis | J19: 50 | K19: gr | L19: =J19*'Daftar HPP'!$F$114 -> 2342.6037
B20: 3 | C20: Packaging Retail | D20: 1 | E20: pcs | F20: =D20*'Daftar HPP'!$G$37 -> 388 | H20: 3 | I20: Packaging Box Kecil | J20: 1 | K20: pcs | L20: =J20*'Daftar HPP'!$G$38 -> 810
D21: Total | F21: =SUM(F18:F20) -> 5322.4811 | J21: Total | L21: =SUM(L18:L20) -> 10506.068
D22: Harga Jual | F22: 10000 | J22: Harga Jual | L22: 16000
D23: Margine | F23: =F22-F21 -> 4677.5189 | J23: Margine | L23: =L22-L21 -> 5493.9325
B25: 3. Kentang Kriwil Saus Barbeque Spicy | H25: 3. Kentang Kriwil Saus Barbeque Spicy
B26: Ket : Kentang Kriwil + Saus Barbeque Spicy + Packaging Box Kecil | H26: Ket : Kentang Kriwil + Saus Barbeque Spicy + Packaging Box Kecil
B27: No | C27: Item | D27: Qty | E27: Satuan | F27: Jumlah | H27: No | I27: Item | J27: Qty | K27: Satuan | L27: Jumlah
B28: 1 | C28: Kentang Kriwil | D28: 1 | E28: Porsi | F28: =D28*'Daftar HPP'!$L$81 -> 3763.1793 | H28: 1 | I28: Kentang Kriwil | J28: 1 | K28: Porsi | L28: =J28*$L$38 -> 7218.4638
B29: 2 | C29: Saus Barbeque Spicy | D29: 25 | E29: gr | F29: =D29*'Daftar HPP'!$F$123 -> 1153.3094 | H29: 2 | I29: Saus Barbeque Spicy | J29: 50 | K29: gr | L29: =J29*'Daftar HPP'!$F$123 -> 2306.6188
B30: 3 | C30: Packaging Retail | D30: 1 | E30: pcs | F30: =D30*'Daftar HPP'!$G$37 -> 388 | H30: 3 | I30: Packaging Box Kecil | J30: 1 | K30: pcs | L30: =J30*'Daftar HPP'!$G$38 -> 810
D31: Total | F31: =SUM(F28:F30) -> 5304.4887 | J31: Total | L31: =SUM(L28:L30) -> 10470.083
D32: Harga Jual | F32: 10000 | J32: Harga Jual | L32: 16000
D33: Margine | F33: =F32-F31 -> 4695.5113 | J33: Margine | L33: =L32-L31 -> 5529.9173
B35: 4. Kentang Kriwil Saus Teriyaki | H35: 4. Kentang Kriwil Saus Teriyaki
B36: Ket : Kentang Kriwil + Saus Sadis + Packaging Box Kecil | H36: Ket : Kentang Kriwil + Saus Sadis + Packaging Box Kecil
B37: No | C37: Item | D37: Qty | E37: Satuan | F37: Jumlah | H37: No | I37: Item | J37: Qty | K37: Satuan | L37: Jumlah
B38: 1 | C38: Kentang Kriwil | D38: 1 | E38: Porsi | F38: =D38*'Daftar HPP'!$L$81 -> 3763.1793 | H38: 1 | I38: Kentang Kriwil | J38: 1 | K38: Porsi | L38: =J38*$L$38 -> 7218.4638
B39: 2 | C39: Saus Teriyaki | D39: 25 | E39: gr | F39: =D39*'Daftar HPP'!$F$131 -> 1081.3397 | H39: 2 | I39: Saus Teriyaki | J39: 50 | K39: gr | L39: =J39*'Daftar HPP'!$F$131 -> 2162.6794
B40: 3 | C40: Packaging Retail | D40: 1 | E40: pcs | F40: =D40*'Daftar HPP'!$G$37 -> 388 | H40: 3 | I40: Packaging Box Kecil | J40: 1 | K40: pcs | L40: =J40*'Daftar HPP'!$G$38 -> 810
D41: Total | F41: =SUM(F38:F40) -> 5232.519 | J41: Total | L41: =SUM(L38:L40) -> 10326.143
D42: Harga Jual | F42: 10000 | J42: Harga Jual | L42: 16000
D43: Margine | F43: =F42-F41 -> 4767.481 | J43: Margine | L43: =L42-L41 -> 5673.8567
B45: 5. Kentang Kriwil Saus Lada Hitam | H45: 5. Kentang Kriwil Saus Lada Hitam
B46: Ket : Kentang Kriwil + Saus Lada Hitam + Packaging Box Kecil | H46: Ket : Kentang Kriwil + Saus Lada Hitam + Packaging Box Kecil
B47: No | C47: Item | D47: Qty | E47: Satuan | F47: Jumlah | H47: No | I47: Item | J47: Qty | K47: Satuan | L47: Jumlah
B48: 1 | C48: Kentang Kriwil | D48: 1 | E48: Porsi | F48: =D48*'Daftar HPP'!$L$81 -> 3763.1793 | H48: 1 | I48: Kentang Kriwil | J48: 1 | K48: Porsi | L48: =J48*$L$38 -> 7218.4638
B49: 2 | C49: Saus Lada Hitam | D49: 25 | E49: gr | F49: =D49*'Daftar HPP'!$L$114 -> 1117.3246 | H49: 2 | I49: Saus Lada Hitam | J49: 50 | K49: gr | L49: =J49*'Daftar HPP'!$L$114 -> 2234.6491
B50: 3 | C50: Packaging Retail | D50: 1 | E50: pcs | F50: =D50*'Daftar HPP'!$G$37 -> 388 | H50: 3 | I50: Packaging Box Kecil | J50: 1 | K50: pcs | L50: =J50*'Daftar HPP'!$G$38 -> 810
D51: Total | F51: =SUM(F48:F50) -> 5268.5039 | J51: Total | L51: =SUM(L48:L50) -> 10398.113
D52: Harga Jual | F52: 10000 | J52: Harga Jual | L52: 16000
D53: Margine | F53: =F52-F51 -> 4731.4961 | J53: Margine | L53: =L52-L51 -> 5601.887
B55: 6. Kentang Kriwil Saus Keju | H55: 6. Kentang Kriwil Saus Keju
B56: Ket : Kentang Kriwil + Saus Lada Hitam + Packaging Box Kecil | H56: Ket : Kentang Kriwil + Saus Lada Hitam + Packaging Box Kecil
B57: No | C57: Item | D57: Qty | E57: Satuan | F57: Jumlah | H57: No | I57: Item | J57: Qty | K57: Satuan | L57: Jumlah
B58: 1 | C58: Kentang Kriwil | D58: 1 | E58: Porsi | F58: =D58*'Daftar HPP'!$L$81 -> 3763.1793 | H58: 1 | I58: Kentang Kriwil | J58: 1 | K58: Porsi | L58: =J58*$L$38 -> 7218.4638
B59: 2 | C59: Saus Keju | D59: 25 | E59: gr | F59: =D59*'Daftar HPP'!$L$122 -> 901.31579 | H59: 2 | I59: Saus Keju | J59: 50 | K59: gr | L59: =J59*'Daftar HPP'!$L$122 -> 1802.6316
B60: 3 | C60: Packaging Retail | D60: 1 | E60: pcs | F60: =D60*'Daftar HPP'!$G$37 -> 388 | H60: 3 | I60: Packaging Box Kecil | J60: 1 | K60: pcs | L60: =J60*'Daftar HPP'!$G$38 -> 810
D61: Total | F61: =SUM(F58:F60) -> 5052.4951 | J61: Total | L61: =SUM(L58:L60) -> 9963.9617
D62: Harga Jual | F62: 10000 | J62: Harga Jual | L62: 16000
D63: Margine | F63: =F62-F61 -> 4947.5049 | J63: Margine | L63: =L62-L61 -> 6036.0383
B65: 7. Kentang Kriwil Saus Mentai | H65: 7. Kentang Kriwil Saus Mentai
B66: Ket : Kentang Kriwil + Saus Lada Hitam + Packaging Box Kecil | H66: Ket : Kentang Kriwil + Saus Lada Hitam + Packaging Box Kecil
B67: No | C67: Item | D67: Qty | E67: Satuan | F67: Jumlah | H67: No | I67: Item | J67: Qty | K67: Satuan | L67: Jumlah
B68: 1 | C68: Kentang Kriwil | D68: 1 | E68: Porsi | F68: =D68*'Daftar HPP'!$L$81 -> 3763.1793 | H68: 1 | I68: Kentang Kriwil | J68: 1 | K68: Porsi | L68: =J68*$L$38 -> 7218.4638
B69: 2 | C69: Saus Mentai | D69: 25 | E69: gr | F69: =D69*'Daftar HPP'!$G$22 -> 1662.5 | H69: 2 | I69: Saus Mentai | J69: 50 | K69: gr | L69: =J69*'Daftar HPP'!$G$22 -> 3325
B70: 3 | C70: Packaging Retail | D70: 1 | E70: pcs | F70: =D70*'Daftar HPP'!$G$37 -> 388 | H70: 3 | I70: Packaging Box Kecil | J70: 1 | K70: pcs | L70: =J70*'Daftar HPP'!$G$38 -> 810
D71: Total | F71: =SUM(F68:F70) -> 5813.6793 | J71: Total | L71: =SUM(L68:L70) -> 11488.464
D72: Harga Jual | F72: 10000 | J72: Harga Jual | L72: 16000
D73: Margine | F73: =F72-F71 -> 4186.3207 | J73: Margine | L73: =L72-L71 -> 4511.5362
B75: 8. Kentang Kriwil Sambal Master | H75: 8. Kentang Kriwil Sambal Master
B76: Ket : Kentang Kriwil + Saus Lada Hitam + Packaging Box Kecil | H76: Ket : Kentang Kriwil + Saus Lada Hitam + Packaging Box Kecil
B77: No | C77: Item | D77: Qty | E77: Satuan | F77: Jumlah | H77: No | I77: Item | J77: Qty | K77: Satuan | L77: Jumlah
B78: 1 | C78: Kentang Kriwil | D78: 1 | E78: Porsi | F78: =D78*'Daftar HPP'!$L$81 -> 3763.1793 | H78: 1 | I78: Kentang Kriwil | J78: 1 | K78: Porsi | L78: =J78*$L$38 -> 7218.4638
B79: 2 | C79: Sambal Master | D79: 25 | E79: gr | F79: =D79*'Daftar HPP'!$L$134 -> 916.84178 | H79: 2 | I79: Sambal Master | J79: 50 | K79: gr | L79: =J79*'Daftar HPP'!$L$134 -> 1833.6836
B80: 3 | C80: Packaging Retail | D80: 1 | E80: pcs | F80: =D80*'Daftar HPP'!$G$37 -> 388 | H80: 3 | I80: Packaging Box Kecil | J80: 1 | K80: pcs | L80: =J80*'Daftar HPP'!$G$38 -> 810
D81: Total | F81: =SUM(F78:F80) -> 5068.0211 | J81: Total | L81: =SUM(L78:L80) -> 10007.654
D82: Harga Jual | F82: 10000 | J82: Harga Jual | L82: 16000
D83: Margine | F83: =F82-F81 -> 4931.9789 | J83: Margine | L83: =L82-L81 -> 5992.3458
B85: 9. Kentang Kriwil Smocky Mentai
B86: Ket : Kentang Kriwil + Saus BBQ Spicy + Saus Mentai + Packaging Alumunium
B87: No | C87: Item | D87: Qty | E87: Satuan | F87: Jumlah
B88: 1 | C88: Kentang Kriwil | D88: 1 | E88: Porsi | F88: =D88*'Daftar HPP'!$L$81 -> 3763.1793
B89: 2 | C89: Saus Mentai | D89: 25 | E89: gr | F89: =D89*'Daftar HPP'!$G$22 -> 1662.5
B90: 3 | C90: Saus Barbeque Spicy | D90: 25 | E90: gr | F90: =D90*'Daftar HPP'!$F$123 -> 1153.3094
B91: 4 | C91: Packaging Alumunium Foil | D91: 1 | E91: pcs | F91: =D91*'Daftar HPP'!$G$40 -> 2500
D92: Total | F92: =SUM(F88:F91) -> 9078.9887
D93: Harga Jual | F93: 16000
D94: Margine | F94: =F93-F92 -> 6921.0113
B96: 10. Kentang Kriwil Smocky Keju Mozzarella
B97: Ket : Kentang Kriwil + Saus BBQ Spicy + Keju Mozzarella + Packaging Alumunium
B98: No | C98: Item | D98: Qty | E98: Satuan | F98: Jumlah
B99: 1 | C99: Kentang Kriwil | D99: 1 | E99: Porsi | F99: =D99*'Daftar HPP'!$L$81 -> 3763.1793
B100: 2 | C100: Keju Mozzarella | D100: 15 | E100: gr | F100: =D100*'Daftar HPP'!$G$21 -> 2437.5
B101: 3 | C101: Saus Barbeque Spicy | D101: 25 | E101: gr | F101: =D101*'Daftar HPP'!$F$123 -> 1153.3094
B102: 4 | C102: Packaging Alumunium Foil | D102: 1 | E102: pcs | F102: =D102*'Daftar HPP'!$G$40 -> 2500
D103: Total | F103: =SUM(F99:F102) -> 9853.9887
D104: Harga Jual | F104: 16000
D105: Margine | F105: =F104-F103 -> 6146.0113
B107: 1. Rincian Daftar Harga Jual Kentang Kriwil Porsi Reguler
B108: No | C108: Menu | D108: Qty | E108: Satuan | F108: Hpp | G108: Margine | H108: Harga Jual
B109: 1 | C109: Kentang Kriwil Original Saus Sachet | D109: 1 | E109: Porsi | F109: =F10 -> 4651.1793 | G109: =H109-F109 -> 3348.8207 | H109: =F11 -> 8000
B110: 2 | C110: Kentang Kriwil Saus Sadis | D110: 1 | E110: Porsi | F110: =F21 -> 5322.4811 | G110: =H110-F110 -> 4677.5189 | H110: =F22 -> 10000
B111: 3 | C111: Kentang Kriwil Saus Barbeque Spicy | D111: 1 | E111: Porsi | F111: =F31 -> 5304.4887 | G111: =H111-F111 -> 4695.5113 | H111: =F32 -> 10000
B112: 4 | C112: Kentang Kriwil Saus Teriyaki | D112: 1 | E112: Porsi | F112: =F41 -> 5232.519 | G112: =H112-F112 -> 4767.481 | H112: =F42 -> 10000
...

Sheet Cut Series (Ayam +  Kentang
B2: HPP DAN HARGA JUAL DCC CUT TRAY (AYAM CRISPY ORIGINAL + KENTANG FRENCH FRIES) STANDAR | T2: HPP DAN HARGA JUAL DCC CUT TRAY (AYAM CRISPY ORIGINAL + KENTANG FRENCH FRIES) DOUBLE
B3: 1. DCC CUT TRAY SAUS KEJU + SAUS MENTAI | H3: 5. DCC CUT TRAY MENTAI + SAUS CARBONARA | N3: 9. DCC CUT TRAY SAUS MAYO SPICY + SAUS GARLIC | T3: 1. DCC CUT TRAY SAUS KEJU + SAUS MENTAI | Z3: 5. DCC CUT TRAY MENTAI + SAUS CARBONARA | AF3: 9. DCC CUT TRAY SAUS MAYO SPICY + SAUS GARLIC
B4: No | C4: Item | D4: Qty | E4: Satuan | F4: Jumlah | H4: No | I4: Item | J4: Qty | K4: Satuan | L4: Jumlah | N4: No | O4: Item | P4: Qty | Q4: Satuan | R4: Jumlah | T4: No | U4: Item | V4: Qty | W4: Satuan | X4: Jumlah | Z4: No | AA4: Item | AB4: Qty | AC4: Satuan | AD4: Jumlah | AF4: No | AG4: Item | AH4: Qty | AI4: Satuan | AJ4: Jumlah
B5: 1 | C5: Ayam Crispy | D5: 1 | E5: Potong | F5: =D5*'Daftar HPP'!$L$57 -> 4875.7316 | H5: 1 | I5: Ayam Crispy | J5: 1 | K5: Potong | L5: =J5*'Daftar HPP'!$L$57 -> 4875.7316 | N5: 1 | O5: Ayam Crispy | P5: 1 | Q5: Potong | R5: =P5*'Daftar HPP'!$L$57 -> 4875.7316 | T5: 1 | U5: Ayam Crispy | V5: 2 | W5: Potong | X5: =V5*'Daftar HPP'!$L$57 -> 9751.4632 | Z5: 1 | AA5: Ayam Crispy | AB5: 2 | AC5: Potong | AD5: =AB5*'Daftar HPP'!$L$57 -> 9751.4632 | AF5: 1 | AG5: Ayam Crispy | AH5: 2 | AI5: Potong | AJ5: =AH5*'Daftar HPP'!$L$57 -> 9751.4632
B6: 2 | C6: Kentang French Fries (100 gr) | D6: 1 | E6: Porsi | F6: =D6*'Daftar HPP'!$F$105 -> 7659.7901 | H6: 2 | I6: Kentang French Fries (100 gr) | J6: 1 | K6: Porsi | L6: =J6*'Daftar HPP'!$F$105 -> 7659.7901 | N6: 2 | O6: Kentang French Fries (100 gr) | P6: 1 | Q6: Porsi | R6: =P6*'Daftar HPP'!$F$105 -> 7659.7901 | T6: 2 | U6: Kentang French Fries (150 gr) | V6: 1 | W6: Porsi | X6: =V6*'Daftar HPP'!$L$96 -> 11489.685 | Z6: 2 | AA6: Kentang French Fries (150 gr) | AB6: 1 | AC6: Porsi | AD6: =AB6*'Daftar HPP'!$L$96 -> 11489.685 | AF6: 2 | AG6: Kentang French Fries (150 gr) | AH6: 1 | AI6: Porsi | AJ6: =AH6*'Daftar HPP'!$L$96 -> 11489.685
B7: 3 | C7: Saus Keju | D7: 30 | E7: gr | F7: =D7*'Daftar HPP'!$F$152 -> 2093.9588 | H7: 3 | I7: Saus Mentai | J7: 30 | K7: gr | L7: =J7*'Daftar HPP'!$G$22 -> 1995 | N7: 3 | O7: Saus Mayo Spicy | P7: 30 | Q7: gr | R7: =P7*'Daftar HPP'!$L$152 -> 2144.1037 | T7: 3 | U7: Saus Keju | V7: 30 | W7: gr | X7: =V7*'Daftar HPP'!$F$152 -> 2093.9588 | Z7: 3 | AA7: Saus Mentai | AB7: 30 | AC7: gr | AD7: =AB7*'Daftar HPP'!$G$22 -> 1995 | AF7: 3 | AG7: Saus Mayo Spicy | AH7: 30 | AI7: gr | AJ7: =AH7*'Daftar HPP'!$L$152 -> 2144.1037
B8: 4 | C8: Saus Mentai | D8: 30 | E8: gr | F8: =D8*'Daftar HPP'!$G$22 -> 1995 | H8: 4 | I8: Saus Carbonara | J8: 30 | K8: gr | L8: =J8*'Daftar HPP'!$F$143 -> 2146.3497 | N8: 4 | O8: Saus Garlic | P8: 30 | Q8: gr | R8: =P8*'Daftar HPP'!$L$143 -> 1647.4064 | T8: 4 | U8: Saus Mentai | V8: 30 | W8: gr | X8: =V8*'Daftar HPP'!$G$22 -> 1995 | Z8: 4 | AA8: Saus Carbonara | AB8: 30 | AC8: gr | AD8: =AB8*'Daftar HPP'!$F$143 -> 2146.3497 | AF8: 4 | AG8: Saus Garlic | AH8: 30 | AI8: gr | AJ8: =AH8*'Daftar HPP'!$L$143 -> 1647.4064
B9: 5 | C9: Bubuk Cabai Kasar | D9: 1 | E9: gr | F9: =D9*'Daftar HPP'!$G$33 -> 100 | H9: 5 | I9: Bubuk Cabai Kasar | J9: 1 | K9: gr | L9: =J9*'Daftar HPP'!$G$33 -> 100 | N9: 5 | O9: Bubuk Cabai Kasar | P9: 1 | Q9: gr | R9: =P9*'Daftar HPP'!$G$33 -> 100 | T9: 5 | U9: Bubuk Cabai Kasar | V9: 1 | W9: gr | X9: =V9*'Daftar HPP'!$G$33 -> 100 | Z9: 5 | AA9: Bubuk Cabai Kasar | AB9: 1 | AC9: gr | AD9: =AB9*'Daftar HPP'!$G$33 -> 100 | AF9: 5 | AG9: Bubuk Cabai Kasar | AH9: 1 | AI9: gr | AJ9: =AH9*'Daftar HPP'!$G$33 -> 100
B10: 6 | C10: Packaging Tray | D10: 1 | E10: lembar | F10: =D10*'Daftar HPP'!$G$39 -> 1100 | H10: 6 | I10: Packaging Tray | J10: 1 | K10: lembar | L10: =J10*'Daftar HPP'!$G$39 -> 1100 | N10: 6 | O10: Packaging Tray | P10: 1 | Q10: lembar | R10: =P10*'Daftar HPP'!$G$39 -> 1100 | T10: 6 | U10: Packaging Tray | V10: 1 | W10: lembar | X10: =V10*'Daftar HPP'!$G$39 -> 1100 | Z10: 6 | AA10: Packaging Tray | AB10: 1 | AC10: lembar | AD10: =AB10*'Daftar HPP'!$G$39 -> 1100 | AF10: 6 | AG10: Packaging Tray | AH10: 1 | AI10: lembar | AJ10: =AH10*'Daftar HPP'!$G$39 -> 1100
D11: Total | F11: =SUM(F5:F10) -> 17824.48 | J11: Total | L11: =SUM(L5:L10) -> 17876.871 | P11: Total | R11: =SUM(R5:R10) -> 17527.032 | V11: Total | X11: =SUM(X5:X10) -> 26530.107 | AB11: Total | AD11: =SUM(AD5:AD10) -> 26582.498 | AH11: Total | AJ11: =SUM(AJ5:AJ10) -> 26232.658
D12: Harga Jual | F12: 29000 | J12: Harga Jual | L12: 29000 | P12: Harga Jual | R12: 29000 | V12: Harga Jual | X12: 43000 | AB12: Harga Jual | AD12: 43000 | AH12: Harga Jual | AJ12: 43000
D13: Margine | F13: =F12-F11 -> 11175.52 | J13: Margine | L13: =L12-L11 -> 11123.129 | P13: Margine | R13: =R12-R11 -> 11472.968 | V13: Margine | X13: =X12-X11 -> 16469.893 | AB13: Margine | AD13: =AD12-AD11 -> 16417.502 | AH13: Margine | AJ13: =AJ12-AJ11 -> 16767.342
B15: 2. DCC CUT TRAY SAUS KEJU + SAUS CARBONARA | H15: 6. DCC CUT TRAY SAUS MENTAI + SAUS MAYO SPICY | N15: 10. DCC CUT TRAY SAUS CARBONARA + SAUS GARLIC | T15: 2. DCC CUT TRAY SAUS KEJU + SAUS CARBONARA | Z15: 6. DCC CUT TRAY SAUS MENTAI + SAUS MAYO SPICY | AF15: 10. DCC CUT TRAY SAUS CARBONARA + SAUS GARLIC
B16: No | C16: Item | D16: Qty | E16: Satuan | F16: Jumlah | H16: No | I16: Item | J16: Qty | K16: Satuan | L16: Jumlah | N16: No | O16: Item | P16: Qty | Q16: Satuan | R16: Jumlah | T16: No | U16: Item | V16: Qty | W16: Satuan | X16: Jumlah | Z16: No | AA16: Item | AB16: Qty | AC16: Satuan | AD16: Jumlah | AF16: No | AG16: Item | AH16: Qty | AI16: Satuan | AJ16: Jumlah
B17: 1 | C17: Ayam Crispy | D17: 1 | E17: Potong | F17: =D17*'Daftar HPP'!$L$57 -> 4875.7316 | H17: 1 | I17: Ayam Crispy | J17: 1 | K17: Potong | L17: =J17*'Daftar HPP'!$L$57 -> 4875.7316 | N17: 1 | O17: Ayam Crispy | P17: 1 | Q17: Potong | R17: =P17*'Daftar HPP'!$L$57 -> 4875.7316 | T17: 1 | U17: Ayam Crispy | V17: 2 | W17: Potong | X17: =V17*'Daftar HPP'!$L$57 -> 9751.4632 | Z17: 1 | AA17: Ayam Crispy | AB17: 2 | AC17: Potong | AD17: =AB17*'Daftar HPP'!$L$57 -> 9751.4632 | AF17: 1 | AG17: Ayam Crispy | AH17: 2 | AI17: Potong | AJ17: =AH17*'Daftar HPP'!$L$57 -> 9751.4632
B18: 2 | C18: Kentang French Fries (100 gr) | D18: 1 | E18: Porsi | F18: =D18*'Daftar HPP'!$F$105 -> 7659.7901 | H18: 2 | I18: Kentang French Fries (100 gr) | J18: 1 | K18: Porsi | L18: =J18*'Daftar HPP'!$F$105 -> 7659.7901 | N18: 2 | O18: Kentang French Fries (100 gr) | P18: 1 | Q18: Porsi | R18: =P18*'Daftar HPP'!$F$105 -> 7659.7901 | T18: 2 | U18: Kentang French Fries (150 gr) | V18: 1 | W18: Porsi | X18: =V18*'Daftar HPP'!$L$96 -> 11489.685 | Z18: 2 | AA18: Kentang French Fries (150 gr) | AB18: 1 | AC18: Porsi | AD18: =AB18*'Daftar HPP'!$L$96 -> 11489.685 | AF18: 2 | AG18: Kentang French Fries (150 gr) | AH18: 1 | AI18: Porsi | AJ18: =AH18*'Daftar HPP'!$L$96 -> 11489.685
B19: 3 | C19: Saus Keju | D19: 30 | E19: gr | F19: =D19*'Daftar HPP'!$F$152 -> 2093.9588 | H19: 3 | I19: Saus Mentai | J19: 30 | K19: gr | L19: =J19*'Daftar HPP'!$G$22 -> 1995 | N19: 3 | O19: Saus Garlic | P19: 30 | Q19: gr | R19: =P19*'Daftar HPP'!$L$143 -> 1647.4064 | T19: 3 | U19: Saus Keju | V19: 30 | W19: gr | X19: =V19*'Daftar HPP'!$F$152 -> 2093.9588 | Z19: 3 | AA19: Saus Mentai | AB19: 30 | AC19: gr | AD19: =AB19*'Daftar HPP'!$G$22 -> 1995 | AF19: 3 | AG19: Saus Garlic | AH19: 30 | AI19: gr | AJ19: =AH19*'Daftar HPP'!$L$143 -> 1647.4064
B20: 4 | C20: Saus Carbonara | D20: 30 | E20: gr | F20: =D20*'Daftar HPP'!$F$143 -> 2146.3497 | H20: 4 | I20: Saus Mayo Spicy | J20: 30 | K20: gr | L20: =J20*'Daftar HPP'!$L$152 -> 2144.1037 | N20: 4 | O20: Saus Carbonara | P20: 30 | Q20: gr | R20: =P20*'Daftar HPP'!$F$143 -> 2146.3497 | T20: 4 | U20: Saus Carbonara | V20: 30 | W20: gr | X20: =V20*'Daftar HPP'!$F$143 -> 2146.3497 | Z20: 4 | AA20: Saus Mayo Spicy | AB20: 30 | AC20: gr | AD20: =AB20*'Daftar HPP'!$L$152 -> 2144.1037 | AF20: 4 | AG20: Saus Carbonara | AH20: 30 | AI20: gr | AJ20: =AH20*'Daftar HPP'!$F$143 -> 2146.3497
B21: 5 | C21: Bubuk Cabai Kasar | D21: 1 | E21: gr | F21: =D21*'Daftar HPP'!$G$33 -> 100 | H21: 5 | I21: Bubuk Cabai Kasar | J21: 1 | K21: gr | L21: =J21*'Daftar HPP'!$G$33 -> 100 | N21: 5 | O21: Bubuk Cabai Kasar | P21: 1 | Q21: gr | R21: =P21*'Daftar HPP'!$G$33 -> 100 | T21: 5 | U21: Bubuk Cabai Kasar | V21: 1 | W21: gr | X21: =V21*'Daftar HPP'!$G$33 -> 100 | Z21: 5 | AA21: Bubuk Cabai Kasar | AB21: 1 | AC21: gr | AD21: =AB21*'Daftar HPP'!$G$33 -> 100 | AF21: 5 | AG21: Bubuk Cabai Kasar | AH21: 1 | AI21: gr | AJ21: =AH21*'Daftar HPP'!$G$33 -> 100
B22: 6 | C22: Packaging Tray | D22: 1 | E22: lembar | F22: =D22*'Daftar HPP'!$G$39 -> 1100 | H22: 6 | I22: Packaging Tray | J22: 1 | K22: lembar | L22: =J22*'Daftar HPP'!$G$39 -> 1100 | N22: 6 | O22: Packaging Tray | P22: 1 | Q22: lembar | R22: =P22*'Daftar HPP'!$G$39 -> 1100 | T22: 6 | U22: Packaging Tray | V22: 1 | W22: lembar | X22: =V22*'Daftar HPP'!$G$39 -> 1100 | Z22: 6 | AA22: Packaging Tray | AB22: 1 | AC22: lembar | AD22: =AB22*'Daftar HPP'!$G$39 -> 1100 | AF22: 6 | AG22: Packaging Tray | AH22: 1 | AI22: lembar | AJ22: =AH22*'Daftar HPP'!$G$39 -> 1100
D23: Total | F23: =SUM(F17:F22) -> 17975.83 | J23: Total | L23: =SUM(L17:L22) -> 17874.625 | P23: Total | R23: =SUM(R17:R22) -> 17529.278 | V23: Total | X23: =SUM(X17:X22) -> 26681.457 | AB23: Total | AD23: =SUM(AD17:AD22) -> 26580.252 | AH23: Total | AJ23: =SUM(AJ17:AJ22) -> 26234.904
D24: Harga Jual | F24: 29000 | J24: Harga Jual | L24: 29000 | P24: Harga Jual | R24: 29000 | V24: Harga Jual | X24: 43000 | AB24: Harga Jual | AD24: 43000 | AH24: Harga Jual | AJ24: 43000
D25: Margine | F25: =F24-F23 -> 11024.17 | J25: Margine | L25: =L24-L23 -> 11125.375 | P25: Margine | R25: =R24-R23 -> 11470.722 | V25: Margine | X25: =X24-X23 -> 16318.543 | AB25: Margine | AD25: =AD24-AD23 -> 16419.748 | AH25: Margine | AJ25: =AJ24-AJ23 -> 16765.096
B27: 3. DCC CUT TRAY SAUS KEJU + SAUS MAYO SPICY | H27: 7. DCC CUT TRAY SAUS MENTAI + SAUS GARLIC | T27: 3. DCC CUT TRAY SAUS KEJU + SAUS MAYO SPICY | Z27: 7. DCC CUT TRAY SAUS MENTAI + SAUS GARLIC
B28: No | C28: Item | D28: Qty | E28: Satuan | F28: Jumlah | H28: No | I28: Item | J28: Qty | K28: Satuan | L28: Jumlah | T28: No | U28: Item | V28: Qty | W28: Satuan | X28: Jumlah | Z28: No | AA28: Item | AB28: Qty | AC28: Satuan | AD28: Jumlah
B29: 1 | C29: Ayam Crispy | D29: 1 | E29: Potong | F29: =D29*'Daftar HPP'!$L$57 -> 4875.7316 | H29: 1 | I29: Ayam Crispy | J29: 1 | K29: Potong | L29: =J29*'Daftar HPP'!$L$57 -> 4875.7316 | T29: 1 | U29: Ayam Crispy | V29: 2 | W29: Potong | X29: =V29*'Daftar HPP'!$L$57 -> 9751.4632 | Z29: 1 | AA29: Ayam Crispy | AB29: 2 | AC29: Potong | AD29: =AB29*'Daftar HPP'!$L$57 -> 9751.4632
B30: 2 | C30: Kentang French Fries (100 gr) | D30: 1 | E30: Porsi | F30: =D30*'Daftar HPP'!$F$105 -> 7659.7901 | H30: 2 | I30: Kentang French Fries (100 gr) | J30: 1 | K30: Porsi | L30: =J30*'Daftar HPP'!$F$105 -> 7659.7901 | T30: 2 | U30: Kentang French Fries (150 gr) | V30: 1 | W30: Porsi | X30: =V30*'Daftar HPP'!$L$96 -> 11489.685 | Z30: 2 | AA30: Kentang French Fries (150 gr) | AB30: 1 | AC30: Porsi | AD30: =AB30*'Daftar HPP'!$L$96 -> 11489.685
B31: 3 | C31: Saus Keju | D31: 30 | E31: gr | F31: =D31*'Daftar HPP'!$F$152 -> 2093.9588 | H31: 3 | I31: Saus Mentai | J31: 30 | K31: gr | L31: =J31*'Daftar HPP'!$G$22 -> 1995 | T31: 3 | U31: Saus Keju | V31: 30 | W31: gr | X31: =V31*'Daftar HPP'!$F$152 -> 2093.9588 | Z31: 3 | AA31: Saus Mentai | AB31: 30 | AC31: gr | AD31: =AB31*'Daftar HPP'!$G$22 -> 1995
B32: 4 | C32: Saus Mayo Spicy | D32: 30 | E32: gr | F32: =D32*'Daftar HPP'!$L$152 -> 2144.1037 | H32: 4 | I32: Saus Garlic | J32: 30 | K32: gr | L32: =J32*'Daftar HPP'!$L$143 -> 1647.4064 | T32: 4 | U32: Saus Mayo Spicy | V32: 30 | W32: gr | X32: =V32*'Daftar HPP'!$L$152 -> 2144.1037 | Z32: 4 | AA32: Saus Garlic | AB32: 30 | AC32: gr | AD32: =AB32*'Daftar HPP'!$L$143 -> 1647.4064
B33: 5 | C33: Bubuk Cabai Kasar | D33: 1 | E33: gr | F33: =D33*'Daftar HPP'!$G$33 -> 100 | H33: 5 | I33: Bubuk Cabai Kasar | J33: 1 | K33: gr | L33: =J33*'Daftar HPP'!$G$33 -> 100 | T33: 5 | U33: Bubuk Cabai Kasar | V33: 1 | W33: gr | X33: =V33*'Daftar HPP'!$G$33 -> 100 | Z33: 5 | AA33: Bubuk Cabai Kasar | AB33: 1 | AC33: gr | AD33: =AB33*'Daftar HPP'!$G$33 -> 100
B34: 6 | C34: Packaging Tray | D34: 1 | E34: lembar | F34: =D34*'Daftar HPP'!$G$39 -> 1100 | H34: 6 | I34: Packaging Tray | J34: 1 | K34: lembar | L34: =J34*'Daftar HPP'!$G$39 -> 1100 | T34: 6 | U34: Packaging Tray | V34: 1 | W34: lembar | X34: =V34*'Daftar HPP'!$G$39 -> 1100 | Z34: 6 | AA34: Packaging Tray | AB34: 1 | AC34: lembar | AD34: =AB34*'Daftar HPP'!$G$39 -> 1100
D35: Total | F35: =SUM(F29:F34) -> 17973.584 | J35: Total | L35: =SUM(L29:L34) -> 17377.928 | V35: Total | X35: =SUM(X29:X34) -> 26679.211 | AB35: Total | AD35: =SUM(AD29:AD34) -> 26083.555
D36: Harga Jual | F36: 29000 | J36: Harga Jual | L36: 29000 | V36: Harga Jual | X36: 43000 | AB36: Harga Jual | AD36: 43000
D37: Margine | F37: =F36-F35 -> 11026.416 | J37: Margine | L37: =L36-L35 -> 11622.072 | V37: Margine | X37: =X36-X35 -> 16320.789 | AB37: Margine | AD37: =AD36-AD35 -> 16916.445
B39: 4. DCC CUT TRAY SAUS KEJU + SAUS GARLIC | H39: 8. DCC CUT TRAY SAUS MAYO SPICY + SAUS CARBONARA | T39: 4. DCC CUT TRAY SAUS KEJU + SAUS GARLIC | Z39: 8. DCC CUT TRAY SAUS MAYO SPICY + SAUS CARBONARA
B40: No | C40: Item | D40: Qty | E40: Satuan | F40: Jumlah | H40: No | I40: Item | J40: Qty | K40: Satuan | L40: Jumlah | T40: No | U40: Item | V40: Qty | W40: Satuan | X40: Jumlah | Z40: No | AA40: Item | AB40: Qty | AC40: Satuan | AD40: Jumlah
B41: 1 | C41: Ayam Crispy | D41: 1 | E41: Potong | F41: =D41*'Daftar HPP'!$L$57 -> 4875.7316 | H41: 1 | I41: Ayam Crispy | J41: 1 | K41: Potong | L41: =J41*'Daftar HPP'!$L$57 -> 4875.7316 | T41: 1 | U41: Ayam Crispy | V41: 2 | W41: Potong | X41: =V41*'Daftar HPP'!$L$57 -> 9751.4632 | Z41: 1 | AA41: Ayam Crispy | AB41: 2 | AC41: Potong | AD41: =AB41*'Daftar HPP'!$L$57 -> 9751.4632
B42: 2 | C42: Kentang French Fries (100 gr) | D42: 1 | E42: Porsi | F42: =D42*'Daftar HPP'!$F$105 -> 7659.7901 | H42: 2 | I42: Kentang French Fries (100 gr) | J42: 1 | K42: Porsi | L42: =J42*'Daftar HPP'!$F$105 -> 7659.7901 | T42: 2 | U42: Kentang French Fries (150 gr) | V42: 1 | W42: Porsi | X42: =V42*'Daftar HPP'!$L$96 -> 11489.685 | Z42: 2 | AA42: Kentang French Fries (150 gr) | AB42: 1 | AC42: Porsi | AD42: =AB42*'Daftar HPP'!$L$96 -> 11489.685
B43: 3 | C43: Saus Keju | D43: 30 | E43: gr | F43: =D43*'Daftar HPP'!$F$152 -> 2093.9588 | H43: 3 | I43: Saus Mayo Spicy | J43: 30 | K43: gr | L43: =J43*'Daftar HPP'!$L$152 -> 2144.1037 | T43: 3 | U43: Saus Keju | V43: 30 | W43: gr | X43: =V43*'Daftar HPP'!$F$152 -> 2093.9588 | Z43: 3 | AA43: Saus Mayo Spicy | AB43: 30 | AC43: gr | AD43: =AB43*'Daftar HPP'!$L$152 -> 2144.1037
B44: 4 | C44: Saus Garlic | D44: 30 | E44: gr | F44: =D44*'Daftar HPP'!$L$143 -> 1647.4064 | H44: 4 | I44: Saus Carbonara | J44: 30 | K44: gr | L44: =J44*'Daftar HPP'!$F$143 -> 2146.3497 | T44: 4 | U44: Saus Garlic | V44: 30 | W44: gr | X44: =V44*'Daftar HPP'!$L$143 -> 1647.4064 | Z44: 4 | AA44: Saus Carbonara | AB44: 30 | AC44: gr | AD44: =AB44*'Daftar HPP'!$F$143 -> 2146.3497
B45: 5 | C45: Bubuk Cabai Kasar | D45: 1 | E45: gr | F45: =D45*'Daftar HPP'!$G$33 -> 100 | H45: 5 | I45: Bubuk Cabai Kasar | J45: 1 | K45: gr | L45: =J45*'Daftar HPP'!$G$33 -> 100 | T45: 5 | U45: Bubuk Cabai Kasar | V45: 1 | W45: gr | X45: =V45*'Daftar HPP'!$G$33 -> 100 | Z45: 5 | AA45: Bubuk Cabai Kasar | AB45: 1 | AC45: gr | AD45: =AB45*'Daftar HPP'!$G$33 -> 100
B46: 6 | C46: Packaging Tray | D46: 1 | E46: lembar | F46: =D46*'Daftar HPP'!$G$39 -> 1100 | H46: 6 | I46: Packaging Tray | J46: 1 | K46: lembar | L46: =J46*'Daftar HPP'!$G$39 -> 1100 | T46: 6 | U46: Packaging Tray | V46: 1 | W46: lembar | X46: =V46*'Daftar HPP'!$G$39 -> 1100 | Z46: 6 | AA46: Packaging Tray | AB46: 1 | AC46: lembar | AD46: =AB46*'Daftar HPP'!$G$39 -> 1100
D47: Total | F47: =SUM(F41:F46) -> 17476.887 | J47: Total | L47: =SUM(L41:L46) -> 18025.975 | V47: Total | X47: =SUM(X41:X46) -> 26182.514 | AB47: Total | AD47: =SUM(AD41:AD46) -> 26731.602
D48: Harga Jual | F48: 29000 | J48: Harga Jual | L48: 29000 | V48: Harga Jual | X48: 43000 | AB48: Harga Jual | AD48: 43000
D49: Margine | F49: =F48-F47 -> 11523.113 | J49: Margine | L49: =L48-L47 -> 10974.025 | V49: Margine | X49: =X48-X47 -> 16817.486 | AB49: Margine | AD49: =AD48-AD47 -> 16268.398
B52: HPP DAN HARGA JUAL DCC CUT TRAY (AYAM CRISPY SAUS SADIS + KENTANG FRENCH FRIES) STANDAR | T52: HPP DAN HARGA JUAL DCC CUT TRAY (AYAM CRISPY SAUS SADIS + KENTANG FRENCH FRIES) DOUBLE
B53: 1. DCC CUT TRAY SAUS KEJU + SAUS MENTAI | H53: 5. DCC CUT TRAY MENTAI + SAUS CARBONARA | N53: 9. DCC CUT TRAY SAUS MAYO SPICY + SAUS GARLIC | T53: 1. DCC CUT TRAY SAUS KEJU + SAUS MENTAI | Z53: 5. DCC CUT TRAY MENTAI + SAUS CARBONARA | AF53: 9. DCC CUT TRAY SAUS MAYO SPICY + SAUS GARLIC
B54: No | C54: Item | D54: Qty | E54: Satuan | F54: Jumlah | H54: No | I54: Item | J54: Qty | K54: Satuan | L54: Jumlah | N54: No | O54: Item | P54: Qty | Q54: Satuan | R54: Jumlah | T54: No | U54: Item | V54: Qty | W54: Satuan | X54: Jumlah | Z54: No | AA54: Item | AB54: Qty | AC54: Satuan | AD54: Jumlah | AF54: No | AG54: Item | AH54: Qty | AI54: Satuan | AJ54: Jumlah
B55: 1 | C55: Ayam Crispy | D55: 1 | E55: Potong | F55: =D55*'Daftar HPP'!$L$57 -> 4875.7316 | H55: 1 | I55: Ayam Crispy | J55: 1 | K55: Potong | L55: =J55*'Daftar HPP'!$L$57 -> 4875.7316 | N55: 1 | O55: Ayam Crispy | P55: 1 | Q55: Potong | R55: =P55*'Daftar HPP'!$L$57 -> 4875.7316 | T55: 1 | U55: Ayam Crispy | V55: 2 | W55: Potong | X55: =V55*'Daftar HPP'!$L$57 -> 9751.4632 | Z55: 1 | AA55: Ayam Crispy | AB55: 2 | AC55: Potong | AD55: =AB55*'Daftar HPP'!$L$57 -> 9751.4632 | AF55: 1 | AG55: Ayam Crispy | AH55: 2 | AI55: Potong | AJ55: =AH55*'Daftar HPP'!$L$57 -> 9751.4632
B56: 2 | C56: Saus Sadis | D56: 40 | E56: gr | F56: =D56*'Daftar HPP'!$F$114 -> 1874.0829 | H56: 2 | I56: Saus Sadis | J56: 40 | K56: gr | L56: =J56*'Daftar HPP'!$F$114 -> 1874.0829 | N56: 2 | O56: Saus Sadis | P56: 40 | Q56: gr | R56: =P56*'Daftar HPP'!$F$114 -> 1874.0829 | T56: 2 | U56: Saus Sadis | V56: 80 | W56: gr | X56: =V56*'Daftar HPP'!$F$114 -> 3748.1659 | Z56: 2 | AA56: Saus Sadis | AB56: 80 | AC56: gr | AD56: =AB56*'Daftar HPP'!$F$114 -> 3748.1659 | AF56: 2 | AG56: Saus Sadis | AH56: 80 | AI56: gr | AJ56: =AH56*'Daftar HPP'!$F$114 -> 3748.1659
B57: 3 | C57: Kentang French Fries (100 gr) | D57: 1 | E57: Porsi | F57: =D57*'Daftar HPP'!$F$105 -> 7659.7901 | H57: 3 | I57: Kentang French Fries (100 gr) | J57: 1 | K57: Porsi | L57: =J57*'Daftar HPP'!$F$105 -> 7659.7901 | N57: 3 | O57: Kentang French Fries (100 gr) | P57: 1 | Q57: Porsi | R57: =P57*'Daftar HPP'!$F$105 -> 7659.7901 | T57: 3 | U57: Kentang French Fries (150 gr) | V57: 1 | W57: Porsi | X57: =V57*'Daftar HPP'!$L$96 -> 11489.685 | Z57: 3 | AA57: Kentang French Fries (150 gr) | AB57: 1 | AC57: Porsi | AD57: =AB57*'Daftar HPP'!$L$96 -> 11489.685 | AF57: 3 | AG57: Kentang French Fries (150 gr) | AH57: 1 | AI57: Porsi | AJ57: =AH57*'Daftar HPP'!$L$96 -> 11489.685
B58: 4 | C58: Saus Keju | D58: 30 | E58: gr | F58: =D58*'Daftar HPP'!$F$152 -> 2093.9588 | H58: 4 | I58: Saus Mentai | J58: 30 | K58: gr | L58: =J58*'Daftar HPP'!$G$22 -> 1995 | N58: 4 | O58: Saus Mayo Spicy | P58: 30 | Q58: gr | R58: =P58*'Daftar HPP'!$L$152 -> 2144.1037 | T58: 4 | U58: Saus Keju | V58: 30 | W58: gr | X58: =V58*'Daftar HPP'!$F$152 -> 2093.9588 | Z58: 4 | AA58: Saus Mentai | AB58: 30 | AC58: gr | AD58: =AB58*'Daftar HPP'!$G$22 -> 1995 | AF58: 4 | AG58: Saus Mayo Spicy | AH58: 30 | AI58: gr | AJ58: =AH58*'Daftar HPP'!$L$152 -> 2144.1037
B59: 5 | C59: Saus Mentai | D59: 30 | E59: gr | F59: =D59*'Daftar HPP'!$G$22 -> 1995 | H59: 5 | I59: Saus Carbonara | J59: 30 | K59: gr | L59: =J59*'Daftar HPP'!$F$143 -> 2146.3497 | N59: 5 | O59: Saus Garlic | P59: 30 | Q59: gr | R59: =P59*'Daftar HPP'!$L$143 -> 1647.4064 | T59: 5 | U59: Saus Mentai | V59: 30 | W59: gr | X59: =V59*'Daftar HPP'!$G$22 -> 1995 | Z59: 5 | AA59: Saus Carbonara | AB59: 30 | AC59: gr | AD59: =AB59*'Daftar HPP'!$F$143 -> 2146.3497 | AF59: 5 | AG59: Saus Garlic | AH59: 30 | AI59: gr | AJ59: =AH59*'Daftar HPP'!$L$143 -> 1647.4064
B60: 6 | C60: Bubuk Cabai Kasar | D60: 1 | E60: gr | F60: =D60*'Daftar HPP'!$G$33 -> 100 | H60: 6 | I60: Bubuk Cabai Kasar | J60: 1 | K60: gr | L60: =J60*'Daftar HPP'!$G$33 -> 100 | N60: 6 | O60: Bubuk Cabai Kasar | P60: 1 | Q60: gr | R60: =P60*'Daftar HPP'!$G$33 -> 100 | T60: 6 | U60: Bubuk Cabai Kasar | V60: 1 | W60: gr | X60: =V60*'Daftar HPP'!$G$33 -> 100 | Z60: 6 | AA60: Bubuk Cabai Kasar | AB60: 1 | AC60: gr | AD60: =AB60*'Daftar HPP'!$G$33 -> 100 | AF60: 6 | AG60: Bubuk Cabai Kasar | AH60: 1 | AI60: gr | AJ60: =AH60*'Daftar HPP'!$G$33 -> 100
B61: 7 | C61: Packaging Tray | D61: 1 | E61: lembar | F61: =D61*'Daftar HPP'!$G$39 -> 1100 | H61: 7 | I61: Packaging Tray | J61: 1 | K61: lembar | L61: =J61*'Daftar HPP'!$G$39 -> 1100 | N61: 7 | O61: Packaging Tray | P61: 1 | Q61: lembar | R61: =P61*'Daftar HPP'!$G$39 -> 1100 | T61: 7 | U61: Packaging Tray | V61: 1 | W61: lembar | X61: =V61*'Daftar HPP'!$G$39 -> 1100 | Z61: 7 | AA61: Packaging Tray | AB61: 1 | AC61: lembar | AD61: =AB61*'Daftar HPP'!$G$39 -> 1100 | AF61: 7 | AG61: Packaging Tray | AH61: 1 | AI61: lembar | AJ61: =AH61*'Daftar HPP'!$G$39 -> 1100
D62: Total | F62: =SUM(F55:F61) -> 19698.563 | J62: Total | L62: =SUM(L55:L61) -> 19750.954 | P62: Total | R62: =SUM(R55:R61) -> 19401.115 | V62: Total | X62: =SUM(X55:X61) -> 30278.273 | AB62: Total | AD62: =SUM(AD55:AD61) -> 30330.664 | AH62: Total | AJ62: =SUM(AJ55:AJ61) -> 29980.824
D63: Harga Jual | F63: 32000 | J63: Harga Jual | L63: 32000 | P63: Harga Jual | R63: 32000 | V63: Harga Jual | X63: 49000 | AB63: Harga Jual | AD63: 49000 | AH63: Harga Jual | AJ63: 49000
D64: Margine | F64: =F63-F62 -> 12301.437 | J64: Margine | L64: =L63-L62 -> 12249.046 | P64: Margine | R64: =R63-R62 -> 12598.885 | V64: Margine | X64: =X63-X62 -> 18721.727 | AB64: Margine | AD64: =AD63-AD62 -> 18669.336 | AH64: Margine | AJ64: =AJ63-AJ62 -> 19019.176
B66: 2. DCC CUT TRAY SAUS KEJU + SAUS CARBONARA | H66: 6. DCC CUT TRAY SAUS MENTAI + SAUS MAYO SPICY | N66: 10. DCC CUT TRAY SAUS CARBONARA + SAUS GARLIC | T66: 2. DCC CUT TRAY SAUS KEJU + SAUS CARBONARA | Z66: 6. DCC CUT TRAY SAUS MENTAI + SAUS MAYO SPICY | AF66: 10. DCC CUT TRAY SAUS CARBONARA + SAUS GARLIC
B67: No | C67: Item | D67: Qty | E67: Satuan | F67: Jumlah | H67: No | I67: Item | J67: Qty | K67: Satuan | L67: Jumlah | N67: No | O67: Item | P67: Qty | Q67: Satuan | R67: Jumlah | T67: No | U67: Item | V67: Qty | W67: Satuan | X67: Jumlah | Z67: No | AA67: Item | AB67: Qty | AC67: Satuan | AD67: Jumlah | AF67: No | AG67: Item | AH67: Qty | AI67: Satuan | AJ67: Jumlah
B68: 1 | C68: Ayam Crispy | D68: 1 | E68: Potong | F68: =D68*'Daftar HPP'!$L$57 -> 4875.7316 | H68: 1 | I68: Ayam Crispy | J68: 1 | K68: Potong | L68: =J68*'Daftar HPP'!$L$57 -> 4875.7316 | N68: 1 | O68: Ayam Crispy | P68: 1 | Q68: Potong | R68: =P68*'Daftar HPP'!$L$57 -> 4875.7316 | T68: 1 | U68: Ayam Crispy | V68: 2 | W68: Potong | X68: =V68*'Daftar HPP'!$L$57 -> 9751.4632 | Z68: 1 | AA68: Ayam Crispy | AB68: 2 | AC68: Potong | AD68: =AB68*'Daftar HPP'!$L$57 -> 9751.4632 | AF68: 1 | AG68: Ayam Crispy | AH68: 2 | AI68: Potong | AJ68: =AH68*'Daftar HPP'!$L$57 -> 9751.4632
B69: 2 | C69: Saus Sadis | D69: 40 | E69: gr | F69: =D69*'Daftar HPP'!$F$114 -> 1874.0829 | H69: 2 | I69: Saus Sadis | J69: 40 | K69: gr | L69: =J69*'Daftar HPP'!$F$114 -> 1874.0829 | N69: 2 | O69: Saus Sadis | P69: 40 | Q69: gr | R69: =P69*'Daftar HPP'!$F$114 -> 1874.0829 | T69: 2 | U69: Saus Sadis | V69: 80 | W69: gr | X69: =V69*'Daftar HPP'!$F$114 -> 3748.1659 | Z69: 2 | AA69: Saus Sadis | AB69: 80 | AC69: gr | AD69: =AB69*'Daftar HPP'!$F$114 -> 3748.1659 | AF69: 2 | AG69: Saus Sadis | AH69: 80 | AI69: gr | AJ69: =AH69*'Daftar HPP'!$F$114 -> 3748.1659
B70: 3 | C70: Kentang French Fries (100 gr) | D70: 1 | E70: Porsi | F70: =D70*'Daftar HPP'!$F$105 -> 7659.7901 | H70: 3 | I70: Kentang French Fries (100 gr) | J70: 1 | K70: Porsi | L70: =J70*'Daftar HPP'!$F$105 -> 7659.7901 | N70: 3 | O70: Kentang French Fries (100 gr) | P70: 1 | Q70: Porsi | R70: =P70*'Daftar HPP'!$F$105 -> 7659.7901 | T70: 3 | U70: Kentang French Fries (150 gr) | V70: 1 | W70: Porsi | X70: =V70*'Daftar HPP'!$L$96 -> 11489.685 | Z70: 3 | AA70: Kentang French Fries (150 gr) | AB70: 1 | AC70: Porsi | AD70: =AB70*'Daftar HPP'!$L$96 -> 11489.685 | AF70: 3 | AG70: Kentang French Fries (150 gr) | AH70: 1 | AI70: Porsi | AJ70: =AH70*'Daftar HPP'!$L$96 -> 11489.685
B71: 4 | C71: Saus Keju | D71: 30 | E71: gr | F71: =D71*'Daftar HPP'!$F$152 -> 2093.9588 | H71: 4 | I71: Saus Mentai | J71: 30 | K71: gr | L71: =J71*'Daftar HPP'!$G$22 -> 1995 | N71: 4 | O71: Saus Mayo Spicy | P71: 30 | Q71: gr | R71: =P71*'Daftar HPP'!$L$152 -> 2144.1037 | T71: 4 | U71: Saus Keju | V71: 30 | W71: gr | X71: =V71*'Daftar HPP'!$F$152 -> 2093.9588 | Z71: 4 | AA71: Saus Mentai | AB71: 30 | AC71: gr | AD71: =AB71*'Daftar HPP'!$G$22 -> 1995 | AF71: 4 | AG71: Saus Mayo Spicy | AH71: 30 | AI71: gr | AJ71: =AH71*'Daftar HPP'!$L$152 -> 2144.1037
B72: 5 | C72: Saus Carbonara | D72: 30 | E72: gr | F72: =D72*'Daftar HPP'!$F$143 -> 2146.3497 | H72: 5 | I72: Saus Mayo Spicy | J72: 30 | K72: gr | L72: =J72*'Daftar HPP'!$L$152 -> 2144.1037 | N72: 5 | O72: Saus Garlic | P72: 30 | Q72: gr | R72: =P72*'Daftar HPP'!$L$143 -> 1647.4064 | T72: 5 | U72: Saus Carbonara | V72: 30 | W72: gr | X72: =V72*'Daftar HPP'!$F$143 -> 2146.3497 | Z72: 5 | AA72: Saus Mayo Spicy | AB72: 30 | AC72: gr | AD72: =AB72*'Daftar HPP'!$L$152 -> 2144.1037 | AF72: 5 | AG72: Saus Garlic | AH72: 30 | AI72: gr | AJ72: =AH72*'Daftar HPP'!$L$143 -> 1647.4064
B73: 6 | C73: Bubuk Cabai Kasar | D73: 1 | E73: gr | F73: =D73*'Daftar HPP'!$G$33 -> 100 | H73: 6 | I73: Bubuk Cabai Kasar | J73: 1 | K73: gr | L73: =J73*'Daftar HPP'!$G$33 -> 100 | N73: 6 | O73: Bubuk Cabai Kasar | P73: 1 | Q73: gr | R73: =P73*'Daftar HPP'!$G$33 -> 100 | T73: 6 | U73: Bubuk Cabai Kasar | V73: 1 | W73: gr | X73: =V73*'Daftar HPP'!$G$33 -> 100 | Z73: 6 | AA73: Bubuk Cabai Kasar | AB73: 1 | AC73: gr | AD73: =AB73*'Daftar HPP'!$G$33 -> 100 | AF73: 6 | AG73: Bubuk Cabai Kasar | AH73: 1 | AI73: gr | AJ73: =AH73*'Daftar HPP'!$G$33 -> 100
B74: 7 | C74: Packaging Tray | D74: 1 | E74: lembar | F74: =D74*'Daftar HPP'!$G$39 -> 1100 | H74: 7 | I74: Packaging Tray | J74: 1 | K74: lembar | L74: =J74*'Daftar HPP'!$G$39 -> 1100 | N74: 7 | O74: Packaging Tray | P74: 1 | Q74: lembar | R74: =P74*'Daftar HPP'!$G$39 -> 1100 | T74: 7 | U74: Packaging Tray | V74: 1 | W74: lembar | X74: =V74*'Daftar HPP'!$G$39 -> 1100 | Z74: 7 | AA74: Packaging Tray | AB74: 1 | AC74: lembar | AD74: =AB74*'Daftar HPP'!$G$39 -> 1100 | AF74: 7 | AG74: Packaging Tray | AH74: 1 | AI74: lembar | AJ74: =AH74*'Daftar HPP'!$G$39 -> 1100
D75: Total | F75: =SUM(F68:F74) -> 19849.913 | J75: Total | L75: =SUM(L68:L74) -> 19748.708 | P75: Total | R75: =SUM(R68:R74) -> 19401.115 | V75: Total | X75: =SUM(X68:X74) -> 30429.623 | AB75: Total | AD75: =SUM(AD68:AD74) -> 30328.418 | AH75: Total | AJ75: =SUM(AJ68:AJ74) -> 29980.824
D76: Harga Jual | F76: 32000 | J76: Harga Jual | L76: 32000 | P76: Harga Jual | R76: 32000 | V76: Harga Jual | X76: 49000 | AB76: Harga Jual | AD76: 49000 | AH76: Harga Jual | AJ76: 49000
D77: Margine | F77: =F76-F75 -> 12150.087 | J77: Margine | L77: =L76-L75 -> 12251.292 | P77: Margine | R77: =R76-R75 -> 12598.885 | V77: Margine | X77: =X76-X75 -> 18570.377 | AB77: Margine | AD77: =AD76-AD75 -> 18671.582 | AH77: Margine | AJ77: =AJ76-AJ75 -> 19019.176
B79: 3. DCC CUT TRAY SAUS KEJU + SAUS MAYO SPICY | H79: 7. DCC CUT TRAY SAUS MENTAI + SAUS GARLIC | T79: 3. DCC CUT TRAY SAUS KEJU + SAUS MAYO SPICY | Z79: 7. DCC CUT TRAY SAUS MENTAI + SAUS GARLIC
B80: No | C80: Item | D80: Qty | E80: Satuan | F80: Jumlah | H80: No | I80: Item | J80: Qty | K80: Satuan | L80: Jumlah | T80: No | U80: Item | V80: Qty | W80: Satuan | X80: Jumlah | Z80: No | AA80: Item | AB80: Qty | AC80: Satuan | AD80: Jumlah
B81: 1 | C81: Ayam Crispy | D81: 1 | E81: Potong | F81: =D81*'Daftar HPP'!$L$57 -> 4875.7316 | H81: 1 | I81: Ayam Crispy | J81: 1 | K81: Potong | L81: =J81*'Daftar HPP'!$L$57 -> 4875.7316 | T81: 1 | U81: Ayam Crispy | V81: 2 | W81: Potong | X81: =V81*'Daftar HPP'!$L$57 -> 9751.4632 | Z81: 1 | AA81: Ayam Crispy | AB81: 2 | AC81: Potong | AD81: =AB81*'Daftar HPP'!$L$57 -> 9751.4632
B82: 2 | C82: Saus Sadis | D82: 40 | E82: gr | F82: =D82*'Daftar HPP'!$F$114 -> 1874.0829 | H82: 2 | I82: Saus Sadis | J82: 40 | K82: gr | L82: =J82*'Daftar HPP'!$F$114 -> 1874.0829 | T82: 2 | U82: Saus Sadis | V82: 80 | W82: gr | X82: =V82*'Daftar HPP'!$F$114 -> 3748.1659 | Z82: 2 | AA82: Saus Sadis | AB82: 80 | AC82: gr | AD82: =AB82*'Daftar HPP'!$F$114 -> 3748.1659
B83: 3 | C83: Kentang French Fries (100 gr) | D83: 1 | E83: Porsi | F83: =D83*'Daftar HPP'!$F$105 -> 7659.7901 | H83: 3 | I83: Kentang French Fries (100 gr) | J83: 1 | K83: Porsi | L83: =J83*'Daftar HPP'!$F$105 -> 7659.7901 | T83: 3 | U83: Kentang French Fries (150 gr) | V83: 1 | W83: Porsi | X83: =V83*'Daftar HPP'!$L$96 -> 11489.685 | Z83: 3 | AA83: Kentang French Fries (150 gr) | AB83: 1 | AC83: Porsi | AD83: =AB83*'Daftar HPP'!$L$96 -> 11489.685
B84: 4 | C84: Saus Keju | D84: 30 | E84: gr | F84: =D84*'Daftar HPP'!$F$152 -> 2093.9588 | H84: 4 | I84: Saus Mentai | J84: 30 | K84: gr | L84: =J84*'Daftar HPP'!$G$22 -> 1995 | T84: 4 | U84: Saus Keju | V84: 30 | W84: gr | X84: =V84*'Daftar HPP'!$F$152 -> 2093.9588 | Z84: 4 | AA84: Saus Mentai | AB84: 30 | AC84: gr | AD84: =AB84*'Daftar HPP'!$G$22 -> 1995
B85: 5 | C85: Saus Mayo Spicy | D85: 30 | E85: gr | F85: =D85*'Daftar HPP'!$L$152 -> 2144.1037 | H85: 5 | I85: Saus Garlic | J85: 30 | K85: gr | L85: =J85*'Daftar HPP'!$L$143 -> 1647.4064 | T85: 5 | U85: Saus Mayo Spicy | V85: 30 | W85: gr | X85: =V85*'Daftar HPP'!$L$152 -> 2144.1037 | Z85: 5 | AA85: Saus Garlic | AB85: 30 | AC85: gr | AD85: =AB85*'Daftar HPP'!$L$143 -> 1647.4064
B86: 6 | C86: Bubuk Cabai Kasar | D86: 1 | E86: gr | F86: =D86*'Daftar HPP'!$G$33 -> 100 | H86: 6 | I86: Bubuk Cabai Kasar | J86: 1 | K86: gr | L86: =J86*'Daftar HPP'!$G$33 -> 100 | T86: 6 | U86: Bubuk Cabai Kasar | V86: 1 | W86: gr | X86: =V86*'Daftar HPP'!$G$33 -> 100 | Z86: 6 | AA86: Bubuk Cabai Kasar | AB86: 1 | AC86: gr | AD86: =AB86*'Daftar HPP'!$G$33 -> 100
B87: 7 | C87: Packaging Tray | D87: 1 | E87: lembar | F87: =D87*'Daftar HPP'!$G$39 -> 1100 | H87: 7 | I87: Packaging Tray | J87: 1 | K87: lembar | L87: =J87*'Daftar HPP'!$G$39 -> 1100 | T87: 7 | U87: Packaging Tray | V87: 1 | W87: lembar | X87: =V87*'Daftar HPP'!$G$39 -> 1100 | Z87: 7 | AA87: Packaging Tray | AB87: 1 | AC87: lembar | AD87: =AB87*'Daftar HPP'!$G$39 -> 1100
D88: Total | F88: =SUM(F81:F87) -> 19847.667 | J88: Total | L88: =SUM(L81:L87) -> 19252.011 | V88: Total | X88: =SUM(X81:X87) -> 30427.377 | AB88: Total | AD88: =SUM(AD81:AD87) -> 29831.721
D89: Harga Jual | F89: 32000 | J89: Harga Jual | L89: 32000 | V89: Harga Jual | X89: 49000 | AB89: Harga Jual | AD89: 49000
D90: Margine | F90: =F89-F88 -> 12152.333 | J90: Margine | L90: =L89-L88 -> 12747.989 | V90: Margine | X90: =X89-X88 -> 18572.623 | AB90: Margine | AD90: =AD89-AD88 -> 19168.279
B92: 4. DCC CUT TRAY SAUS KEJU + SAUS GARLIC | H92: 8. DCC CUT TRAY SAUS MAYO SPICY + SAUS CARBONARA | T92: 4. DCC CUT TRAY SAUS KEJU + SAUS GARLIC | Z92: 8. DCC CUT TRAY SAUS MAYO SPICY + SAUS CARBONARA
B93: No | C93: Item | D93: Qty | E93: Satuan | F93: Jumlah | H93: No | I93: Item | J93: Qty | K93: Satuan | L93: Jumlah | T93: No | U93: Item | V93: Qty | W93: Satuan | X93: Jumlah | Z93: No | AA93: Item | AB93: Qty | AC93: Satuan | AD93: Jumlah
B94: 1 | C94: Ayam Crispy | D94: 1 | E94: Potong | F94: =D94*'Daftar HPP'!$L$57 -> 4875.7316 | H94: 1 | I94: Ayam Crispy | J94: 1 | K94: Potong | L94: =J94*'Daftar HPP'!$L$57 -> 4875.7316 | T94: 1 | U94: Ayam Crispy | V94: 2 | W94: Potong | X94: =V94*'Daftar HPP'!$L$57 -> 9751.4632 | Z94: 1 | AA94: Ayam Crispy | AB94: 2 | AC94: Potong | AD94: =AB94*'Daftar HPP'!$L$57 -> 9751.4632
B95: 2 | C95: Saus Sadis | D95: 40 | E95: gr | F95: =D95*'Daftar HPP'!$F$114 -> 1874.0829 | H95: 2 | I95: Saus Sadis | J95: 40 | K95: gr | L95: =J95*'Daftar HPP'!$F$114 -> 1874.0829 | T95: 2 | U95: Saus Sadis | V95: 80 | W95: gr | X95: =V95*'Daftar HPP'!$F$114 -> 3748.1659 | Z95: 2 | AA95: Saus Sadis | AB95: 80 | AC95: gr | AD95: =AB95*'Daftar HPP'!$F$114 -> 3748.1659
B96: 3 | C96: Kentang French Fries (100 gr) | D96: 1 | E96: Porsi | F96: =D96*'Daftar HPP'!$F$105 -> 7659.7901 | H96: 3 | I96: Kentang French Fries (100 gr) | J96: 1 | K96: Porsi | L96: =J96*'Daftar HPP'!$F$105 -> 7659.7901 | T96: 3 | U96: Kentang French Fries (150 gr) | V96: 1 | W96: Porsi | X96: =V96*'Daftar HPP'!$L$96 -> 11489.685 | Z96: 3 | AA96: Kentang French Fries (150 gr) | AB96: 1 | AC96: Porsi | AD96: =AB96*'Daftar HPP'!$L$96 -> 11489.685
B97: 4 | C97: Saus Keju | D97: 30 | E97: gr | F97: =D97*'Daftar HPP'!$F$152 -> 2093.9588 | H97: 4 | I97: Saus Mayo Spicy | J97: 30 | K97: gr | L97: =J97*'Daftar HPP'!$L$152 -> 2144.1037 | T97: 4 | U97: Saus Keju | V97: 30 | W97: gr | X97: =V97*'Daftar HPP'!$F$152 -> 2093.9588 | Z97: 4 | AA97: Saus Mayo Spicy | AB97: 30 | AC97: gr | AD97: =AB97*'Daftar HPP'!$L$152 -> 2144.1037
B98: 5 | C98: Saus Garlic | D98: 30 | E98: gr | F98: =D98*'Daftar HPP'!$L$143 -> 1647.4064 | H98: 5 | I98: Saus Carbonara | J98: 30 | K98: gr | L98: =J98*'Daftar HPP'!$F$143 -> 2146.3497 | T98: 5 | U98: Saus Garlic | V98: 30 | W98: gr | X98: =V98*'Daftar HPP'!$L$143 -> 1647.4064 | Z98: 5 | AA98: Saus Carbonara | AB98: 30 | AC98: gr | AD98: =AB98*'Daftar HPP'!$F$143 -> 2146.3497
B99: 6 | C99: Bubuk Cabai Kasar | D99: 1 | E99: gr | F99: =D99*'Daftar HPP'!$G$33 -> 100 | H99: 6 | I99: Bubuk Cabai Kasar | J99: 1 | K99: gr | L99: =J99*'Daftar HPP'!$G$33 -> 100 | T99: 6 | U99: Bubuk Cabai Kasar | V99: 1 | W99: gr | X99: =V99*'Daftar HPP'!$G$33 -> 100 | Z99: 6 | AA99: Bubuk Cabai Kasar | AB99: 1 | AC99: gr | AD99: =AB99*'Daftar HPP'!$G$33 -> 100
B100: 7 | C100: Packaging Tray | D100: 1 | E100: lembar | F100: =D100*'Daftar HPP'!$G$39 -> 1100 | H100: 7 | I100: Packaging Tray | J100: 1 | K100: lembar | L100: =J100*'Daftar HPP'!$G$39 -> 1100 | T100: 7 | U100: Packaging Tray | V100: 1 | W100: lembar | X100: =V100*'Daftar HPP'!$G$39 -> 1100 | Z100: 7 | AA100: Packaging Tray | AB100: 1 | AC100: lembar | AD100: =AB100*'Daftar HPP'!$G$39 -> 1100
D101: Total | F101: =SUM(F94:F100) -> 19350.97 | J101: Total | L101: =SUM(L94:L100) -> 19900.058 | V101: Total | X101: =SUM(X94:X100) -> 29930.679 | AB101: Total | AD101: =SUM(AD94:AD100) -> 30479.768
D102: Harga Jual | F102: 32000 | J102: Harga Jual | L102: 32000 | V102: Harga Jual | X102: 49000 | AB102: Harga Jual | AD102: 49000
D103: Margine | F103: =F102-F101 -> 12649.03 | J103: Margine | L103: =L102-L101 -> 12099.942 | V103: Margine | X103: =X102-X101 -> 19069.321 | AB103: Margine | AD103: =AD102-AD101 -> 18520.232
B105: HPP DAN HARGA JUAL DCC CUT TRAY (AYAM CRISPY SAUS BARBEQUE SPICY + KENTANG FRENCH FRIES) STANDAR | T105: HPP DAN HARGA JUAL DCC CUT TRAY (AYAM CRISPY SAUS BARBEQUE SPICY + KENTANG FRENCH FRIES) DOUBLE
B106: 1. DCC CUT TRAY SAUS KEJU + SAUS MENTAI | H106: 5. DCC CUT TRAY MENTAI + SAUS CARBONARA | N106: 9. DCC CUT TRAY SAUS MAYO SPICY + SAUS GARLIC | T106: 1. DCC CUT TRAY SAUS KEJU + SAUS MENTAI | Z106: 5. DCC CUT TRAY MENTAI + SAUS CARBONARA | AF106: 9. DCC CUT TRAY SAUS MAYO SPICY + SAUS GARLIC
B107: No | C107: Item | D107: Qty | E107: Satuan | F107: Jumlah | H107: No | I107: Item | J107: Qty | K107: Satuan | L107: Jumlah | N107: No | O107: Item | P107: Qty | Q107: Satuan | R107: Jumlah | T107: No | U107: Item | V107: Qty | W107: Satuan | X107: Jumlah | Z107: No | AA107: Item | AB107: Qty | AC107: Satuan | AD107: Jumlah | AF107: No | AG107: Item | AH107: Qty | AI107: Satuan | AJ107: Jumlah
B108: 1 | C108: Ayam Crispy | D108: 1 | E108: Potong | F108: =D108*'Daftar HPP'!$L$57 -> 4875.7316 | H108: 1 | I108: Ayam Crispy | J108: 1 | K108: Potong | L108: =J108*'Daftar HPP'!$L$57 -> 4875.7316 | N108: 1 | O108: Ayam Crispy | P108: 1 | Q108: Potong | R108: =P108*'Daftar HPP'!$L$57 -> 4875.7316 | T108: 1 | U108: Ayam Crispy | V108: 2 | W108: Potong | X108: =V108*'Daftar HPP'!$L$57 -> 9751.4632 | Z108: 1 | AA108: Ayam Crispy | AB108: 2 | AC108: Potong | AD108: =AB108*'Daftar HPP'!$L$57 -> 9751.4632 | AF108: 1 | AG108: Ayam Crispy | AH108: 2 | AI108: Potong | AJ108: =AH108*'Daftar HPP'!$L$57 -> 9751.4632
B109: 2 | C109: Saus Barbeque Spicy | D109: 40 | E109: gr | F109: =D109*'Daftar HPP'!$F$123 -> 1845.2951 | H109: 2 | I109: Saus Barbeque Spicy | J109: 40 | K109: gr | L109: =J109*'Daftar HPP'!$F$123 -> 1845.2951 | N109: 2 | O109: Saus Barbeque Spicy | P109: 40 | Q109: gr | R109: =P109*'Daftar HPP'!$F$123 -> 1845.2951 | T109: 2 | U109: Saus Barbeque Spicy | V109: 80 | W109: gr | X109: =V109*'Daftar HPP'!$F$123 -> 3690.5901 | Z109: 2 | AA109: Saus Barbeque Spicy | AB109: 80 | AC109: gr | AD109: =AB109*'Daftar HPP'!$F$123 -> 3690.5901 | AF109: 2 | AG109: Saus Barbeque Spicy | AH109: 80 | AI109: gr | AJ109: =AH109*'Daftar HPP'!$F$123 -> 3690.5901
B110: 3 | C110: Kentang French Fries (100 gr) | D110: 1 | E110: Porsi | F110: =D110*'Daftar HPP'!$F$105 -> 7659.7901 | H110: 3 | I110: Kentang French Fries (100 gr) | J110: 1 | K110: Porsi | L110: =J110*'Daftar HPP'!$F$105 -> 7659.7901 | N110: 3 | O110: Kentang French Fries (100 gr) | P110: 1 | Q110: Porsi | R110: =P110*'Daftar HPP'!$F$105 -> 7659.7901 | T110: 3 | U110: Kentang French Fries (150 gr) | V110: 1 | W110: Porsi | X110: =V110*'Daftar HPP'!$L$96 -> 11489.685 | Z110: 3 | AA110: Kentang French Fries (150 gr) | AB110: 1 | AC110: Porsi | AD110: =AB110*'Daftar HPP'!$L$96 -> 11489.685 | AF110: 3 | AG110: Kentang French Fries (150 gr) | AH110: 1 | AI110: Porsi | AJ110: =AH110*'Daftar HPP'!$L$96 -> 11489.685
...

Sheet Cut Series (Ayam +  Nasi)
B2: HPP DAN HARGA JUAL DCC CUT TRAY (AYAM CRISPY ORIGINAL + NASI) STANDAR | T2: HPP DAN HARGA JUAL DCC CUT TRAY (AYAM CRISPY ORIGINAL + NASI) DOUBLE
B3: 1. DCC CUT TRAY SAUS KEJU + SAUS MENTAI | H3: 5. DCC CUT TRAY MENTAI + SAUS CARBONARA | N3: 9. DCC CUT TRAY SAUS MAYO SPICY + SAUS GARLIC | T3: 1. DCC CUT TRAY SAUS KEJU + SAUS MENTAI | Z3: 5. DCC CUT TRAY MENTAI + SAUS CARBONARA | AF3: 9. DCC CUT TRAY SAUS MAYO SPICY + SAUS GARLIC
B4: No | C4: Item | D4: Qty | E4: Satuan | F4: Jumlah | H4: No | I4: Item | J4: Qty | K4: Satuan | L4: Jumlah | N4: No | O4: Item | P4: Qty | Q4: Satuan | R4: Jumlah | T4: No | U4: Item | V4: Qty | W4: Satuan | X4: Jumlah | Z4: No | AA4: Item | AB4: Qty | AC4: Satuan | AD4: Jumlah | AF4: No | AG4: Item | AH4: Qty | AI4: Satuan | AJ4: Jumlah
B5: 1 | C5: Ayam Crispy | D5: 1 | E5: Potong | F5: =D5*'Daftar HPP'!$L$57 -> 4875.7316 | H5: 1 | I5: Ayam Crispy | J5: 1 | K5: Potong | L5: =J5*'Daftar HPP'!$L$57 -> 4875.7316 | N5: 1 | O5: Ayam Crispy | P5: 1 | Q5: Potong | R5: =P5*'Daftar HPP'!$L$57 -> 4875.7316 | T5: 1 | U5: Ayam Crispy | V5: 2 | W5: Potong | X5: =V5*'Daftar HPP'!$L$57 -> 9751.4632 | Z5: 1 | AA5: Ayam Crispy | AB5: 2 | AC5: Potong | AD5: =AB5*'Daftar HPP'!$L$57 -> 9751.4632 | AF5: 1 | AG5: Ayam Crispy | AH5: 2 | AI5: Potong | AJ5: =AH5*'Daftar HPP'!$L$57 -> 9751.4632
B6: 2 | C6: Nasi | D6: 1 | E6: Porsi | F6: =D6*'Daftar HPP'!$G$13 -> 1200 | H6: 2 | I6: Nasi | J6: 1 | K6: Porsi | L6: =J6*'Daftar HPP'!$G$13 -> 1200 | N6: 2 | O6: Nasi | P6: 1 | Q6: Porsi | R6: =P6*'Daftar HPP'!$G$13 -> 1200 | T6: 2 | U6: Nasi | V6: 1 | W6: Porsi | X6: =V6*'Daftar HPP'!$G$13 -> 1200 | Z6: 2 | AA6: Nasi | AB6: 1 | AC6: Porsi | AD6: =AB6*'Daftar HPP'!$G$13 -> 1200 | AF6: 2 | AG6: Nasi | AH6: 1 | AI6: Porsi | AJ6: =AH6*'Daftar HPP'!$G$13 -> 1200
B7: 3 | C7: Saus Keju | D7: 30 | E7: gr | F7: =D7*'Daftar HPP'!$F$152 -> 2093.9588 | H7: 3 | I7: Saus Mentai | J7: 30 | K7: gr | L7: =J7*'Daftar HPP'!$G$22 -> 1995 | N7: 3 | O7: Saus Mayo Spicy | P7: 30 | Q7: gr | R7: =P7*'Daftar HPP'!$L$152 -> 2144.1037 | T7: 3 | U7: Saus Keju | V7: 30 | W7: gr | X7: =V7*'Daftar HPP'!$F$152 -> 2093.9588 | Z7: 3 | AA7: Saus Mentai | AB7: 30 | AC7: gr | AD7: =AB7*'Daftar HPP'!$G$22 -> 1995 | AF7: 3 | AG7: Saus Mayo Spicy | AH7: 30 | AI7: gr | AJ7: =AH7*'Daftar HPP'!$L$152 -> 2144.1037
B8: 4 | C8: Saus Mentai | D8: 30 | E8: gr | F8: =D8*'Daftar HPP'!$G$22 -> 1995 | H8: 4 | I8: Saus Carbonara | J8: 30 | K8: gr | L8: =J8*'Daftar HPP'!$F$143 -> 2146.3497 | N8: 4 | O8: Saus Garlic | P8: 30 | Q8: gr | R8: =P8*'Daftar HPP'!$L$143 -> 1647.4064 | T8: 4 | U8: Saus Mentai | V8: 30 | W8: gr | X8: =V8*'Daftar HPP'!$G$22 -> 1995 | Z8: 4 | AA8: Saus Carbonara | AB8: 30 | AC8: gr | AD8: =AB8*'Daftar HPP'!$F$143 -> 2146.3497 | AF8: 4 | AG8: Saus Garlic | AH8: 30 | AI8: gr | AJ8: =AH8*'Daftar HPP'!$L$143 -> 1647.4064
B9: 5 | C9: Bubuk Nori | D9: 1 | E9: gr | F9: =D9*'Daftar HPP'!$G$34 -> 500 | H9: 5 | I9: Bubuk Nori | J9: 1 | K9: gr | L9: =J9*'Daftar HPP'!$G$34 -> 500 | N9: 5 | O9: Bubuk Nori | P9: 1 | Q9: gr | R9: =P9*'Daftar HPP'!$G$34 -> 500 | T9: 5 | U9: Bubuk Nori | V9: 1 | W9: gr | X9: =V9*'Daftar HPP'!$G$34 -> 500 | Z9: 5 | AA9: Bubuk Nori | AB9: 1 | AC9: gr | AD9: =AB9*'Daftar HPP'!$G$34 -> 500 | AF9: 5 | AG9: Bubuk Nori | AH9: 1 | AI9: gr | AJ9: =AH9*'Daftar HPP'!$G$34 -> 500
B10: 6 | C10: Packaging Tray | D10: 1 | E10: lembar | F10: =D10*'Daftar HPP'!$G$39 -> 1100 | H10: 6 | I10: Packaging Tray | J10: 1 | K10: lembar | L10: =J10*'Daftar HPP'!$G$39 -> 1100 | N10: 6 | O10: Packaging Tray | P10: 1 | Q10: lembar | R10: =P10*'Daftar HPP'!$G$39 -> 1100 | T10: 6 | U10: Packaging Tray | V10: 1 | W10: lembar | X10: =V10*'Daftar HPP'!$G$39 -> 1100 | Z10: 6 | AA10: Packaging Tray | AB10: 1 | AC10: lembar | AD10: =AB10*'Daftar HPP'!$G$39 -> 1100 | AF10: 6 | AG10: Packaging Tray | AH10: 1 | AI10: lembar | AJ10: =AH10*'Daftar HPP'!$G$39 -> 1100
D11: Total | F11: =SUM(F5:F10) -> 11764.69 | J11: Total | L11: =SUM(L5:L10) -> 11817.081 | P11: Total | R11: =SUM(R5:R10) -> 11467.242 | V11: Total | X11: =SUM(X5:X10) -> 16640.422 | AB11: Total | AD11: =SUM(AD5:AD10) -> 16692.813 | AH11: Total | AJ11: =SUM(AJ5:AJ10) -> 16342.973
D12: Harga Jual | F12: 23000 | J12: Harga Jual | L12: 23000 | P12: Harga Jual | R12: 23000 | V12: Harga Jual | X12: 32000 | AB12: Harga Jual | AD12: 32000 | AH12: Harga Jual | AJ12: 32000
D13: Margine | F13: =F12-F11 -> 11235.31 | J13: Margine | L13: =L12-L11 -> 11182.919 | P13: Margine | R13: =R12-R11 -> 11532.758 | V13: Margine | X13: =X12-X11 -> 15359.578 | AB13: Margine | AD13: =AD12-AD11 -> 15307.187 | AH13: Margine | AJ13: =AJ12-AJ11 -> 15657.027
B15: 2. DCC CUT TRAY SAUS KEJU + SAUS CARBONARA | H15: 6. DCC CUT TRAY SAUS MENTAI + SAUS MAYO SPICY | N15: 10. DCC CUT TRAY SAUS CARBONARA + SAUS GARLIC | T15: 2. DCC CUT TRAY SAUS KEJU + SAUS CARBONARA | Z15: 6. DCC CUT TRAY SAUS MENTAI + SAUS MAYO SPICY | AF15: 10. DCC CUT TRAY SAUS CARBONARA + SAUS GARLIC
B16: No | C16: Item | D16: Qty | E16: Satuan | F16: Jumlah | H16: No | I16: Item | J16: Qty | K16: Satuan | L16: Jumlah | N16: No | O16: Item | P16: Qty | Q16: Satuan | R16: Jumlah | T16: No | U16: Item | V16: Qty | W16: Satuan | X16: Jumlah | Z16: No | AA16: Item | AB16: Qty | AC16: Satuan | AD16: Jumlah | AF16: No | AG16: Item | AH16: Qty | AI16: Satuan | AJ16: Jumlah
B17: 1 | C17: Ayam Crispy | D17: 1 | E17: Potong | F17: =D17*'Daftar HPP'!$L$57 -> 4875.7316 | H17: 1 | I17: Ayam Crispy | J17: 1 | K17: Potong | L17: =J17*'Daftar HPP'!$L$57 -> 4875.7316 | N17: 1 | O17: Ayam Crispy | P17: 1 | Q17: Potong | R17: =P17*'Daftar HPP'!$L$57 -> 4875.7316 | T17: 1 | U17: Ayam Crispy | V17: 2 | W17: Potong | X17: =V17*'Daftar HPP'!$L$57 -> 9751.4632 | Z17: 1 | AA17: Ayam Crispy | AB17: 2 | AC17: Potong | AD17: =AB17*'Daftar HPP'!$L$57 -> 9751.4632 | AF17: 1 | AG17: Ayam Crispy | AH17: 2 | AI17: Potong | AJ17: =AH17*'Daftar HPP'!$L$57 -> 9751.4632
B18: 2 | C18: Nasi | D18: 1 | E18: Porsi | F18: =D18*'Daftar HPP'!$G$13 -> 1200 | H18: 2 | I18: Nasi | J18: 1 | K18: Porsi | L18: =J18*'Daftar HPP'!$G$13 -> 1200 | N18: 2 | O18: Nasi | P18: 1 | Q18: Porsi | R18: =P18*'Daftar HPP'!$G$13 -> 1200 | T18: 2 | U18: Nasi | V18: 1 | W18: Porsi | X18: =V18*'Daftar HPP'!$G$13 -> 1200 | Z18: 2 | AA18: Nasi | AB18: 1 | AC18: Porsi | AD18: =AB18*'Daftar HPP'!$G$13 -> 1200 | AF18: 2 | AG18: Nasi | AH18: 1 | AI18: Porsi | AJ18: =AH18*'Daftar HPP'!$G$13 -> 1200
B19: 3 | C19: Saus Keju | D19: 30 | E19: gr | F19: =D19*'Daftar HPP'!$F$152 -> 2093.9588 | H19: 3 | I19: Saus Mentai | J19: 30 | K19: gr | L19: =J19*'Daftar HPP'!$G$22 -> 1995 | N19: 3 | O19: Saus Carbonara | P19: 30 | Q19: gr | R19: =P19*'Daftar HPP'!$F$143 -> 2146.3497 | T19: 3 | U19: Saus Keju | V19: 30 | W19: gr | X19: =V19*'Daftar HPP'!$F$152 -> 2093.9588 | Z19: 3 | AA19: Saus Mentai | AB19: 30 | AC19: gr | AD19: =AB19*'Daftar HPP'!$G$22 -> 1995 | AF19: 3 | AG19: Saus Carbonara | AH19: 30 | AI19: gr | AJ19: =AH19*'Daftar HPP'!$F$143 -> 2146.3497
B20: 4 | C20: Saus Carbonara | D20: 30 | E20: gr | F20: =D20*'Daftar HPP'!$F$143 -> 2146.3497 | H20: 4 | I20: Saus Mayo Spicy | J20: 30 | K20: gr | L20: =J20*'Daftar HPP'!$L$152 -> 2144.1037 | N20: 4 | O20: Saus Garlic | P20: 30 | Q20: gr | R20: =P20*'Daftar HPP'!$L$143 -> 1647.4064 | T20: 4 | U20: Saus Carbonara | V20: 30 | W20: gr | X20: =V20*'Daftar HPP'!$F$143 -> 2146.3497 | Z20: 4 | AA20: Saus Mayo Spicy | AB20: 30 | AC20: gr | AD20: =AB20*'Daftar HPP'!$L$152 -> 2144.1037 | AF20: 4 | AG20: Saus Garlic | AH20: 30 | AI20: gr | AJ20: =AH20*'Daftar HPP'!$L$143 -> 1647.4064
B21: 5 | C21: Bubuk Nori | D21: 1 | E21: gr | F21: =D21*'Daftar HPP'!$G$34 -> 500 | H21: 5 | I21: Bubuk Nori | J21: 1 | K21: gr | L21: =J21*'Daftar HPP'!$G$34 -> 500 | N21: 5 | O21: Bubuk Nori | P21: 1 | Q21: gr | R21: =P21*'Daftar HPP'!$G$34 -> 500 | T21: 5 | U21: Bubuk Nori | V21: 1 | W21: gr | X21: =V21*'Daftar HPP'!$G$34 -> 500 | Z21: 5 | AA21: Bubuk Nori | AB21: 1 | AC21: gr | AD21: =AB21*'Daftar HPP'!$G$34 -> 500 | AF21: 5 | AG21: Bubuk Nori | AH21: 1 | AI21: gr | AJ21: =AH21*'Daftar HPP'!$G$34 -> 500
B22: 6 | C22: Packaging Tray | D22: 1 | E22: lembar | F22: =D22*'Daftar HPP'!$G$39 -> 1100 | H22: 6 | I22: Packaging Tray | J22: 1 | K22: lembar | L22: =J22*'Daftar HPP'!$G$39 -> 1100 | N22: 6 | O22: Packaging Tray | P22: 1 | Q22: lembar | R22: =P22*'Daftar HPP'!$G$39 -> 1100 | T22: 6 | U22: Packaging Tray | V22: 1 | W22: lembar | X22: =V22*'Daftar HPP'!$G$39 -> 1100 | Z22: 6 | AA22: Packaging Tray | AB22: 1 | AC22: lembar | AD22: =AB22*'Daftar HPP'!$G$39 -> 1100 | AF22: 6 | AG22: Packaging Tray | AH22: 1 | AI22: lembar | AJ22: =AH22*'Daftar HPP'!$G$39 -> 1100
D23: Total | F23: =SUM(F17:F22) -> 11916.04 | J23: Total | L23: =SUM(L17:L22) -> 11814.835 | P23: Total | R23: =SUM(R17:R22) -> 11469.488 | V23: Total | X23: =SUM(X17:X22) -> 16791.772 | AB23: Total | AD23: =SUM(AD17:AD22) -> 16690.567 | AH23: Total | AJ23: =SUM(AJ17:AJ22) -> 16345.219
D24: Harga Jual | F24: 23000 | J24: Harga Jual | L24: 23000 | P24: Harga Jual | R24: 23000 | V24: Harga Jual | X24: 32000 | AB24: Harga Jual | AD24: 32000 | AH24: Harga Jual | AJ24: 32000
D25: Margine | F25: =F24-F23 -> 11083.96 | J25: Margine | L25: =L24-L23 -> 11185.165 | P25: Margine | R25: =R24-R23 -> 11530.512 | V25: Margine | X25: =X24-X23 -> 15208.228 | AB25: Margine | AD25: =AD24-AD23 -> 15309.433 | AH25: Margine | AJ25: =AJ24-AJ23 -> 15654.781
B27: 3. DCC CUT TRAY SAUS KEJU + SAUS MAYO SPICY | H27: 7. DCC CUT TRAY SAUS MENTAI + SAUS GARLIC | T27: 3. DCC CUT TRAY SAUS KEJU + SAUS MAYO SPICY | Z27: 7. DCC CUT TRAY SAUS MENTAI + SAUS GARLIC
B28: No | C28: Item | D28: Qty | E28: Satuan | F28: Jumlah | H28: No | I28: Item | J28: Qty | K28: Satuan | L28: Jumlah | T28: No | U28: Item | V28: Qty | W28: Satuan | X28: Jumlah | Z28: No | AA28: Item | AB28: Qty | AC28: Satuan | AD28: Jumlah
B29: 1 | C29: Ayam Crispy | D29: 1 | E29: Potong | F29: =D29*'Daftar HPP'!$L$57 -> 4875.7316 | H29: 1 | I29: Ayam Crispy | J29: 1 | K29: Potong | L29: =J29*'Daftar HPP'!$L$57 -> 4875.7316 | T29: 1 | U29: Ayam Crispy | V29: 2 | W29: Potong | X29: =V29*'Daftar HPP'!$L$57 -> 9751.4632 | Z29: 1 | AA29: Ayam Crispy | AB29: 2 | AC29: Potong | AD29: =AB29*'Daftar HPP'!$L$57 -> 9751.4632
B30: 2 | C30: Nasi | D30: 1 | E30: Porsi | F30: =D30*'Daftar HPP'!$G$13 -> 1200 | H30: 2 | I30: Nasi | J30: 1 | K30: Porsi | L30: =J30*'Daftar HPP'!$G$13 -> 1200 | T30: 2 | U30: Nasi | V30: 1 | W30: Porsi | X30: =V30*'Daftar HPP'!$G$13 -> 1200 | Z30: 2 | AA30: Nasi | AB30: 1 | AC30: Porsi | AD30: =AB30*'Daftar HPP'!$G$13 -> 1200
B31: 3 | C31: Saus Keju | D31: 30 | E31: gr | F31: =D31*'Daftar HPP'!$F$152 -> 2093.9588 | H31: 3 | I31: Saus Mentai | J31: 30 | K31: gr | L31: =J31*'Daftar HPP'!$G$22 -> 1995 | T31: 3 | U31: Saus Keju | V31: 30 | W31: gr | X31: =V31*'Daftar HPP'!$F$152 -> 2093.9588 | Z31: 3 | AA31: Saus Mentai | AB31: 30 | AC31: gr | AD31: =AB31*'Daftar HPP'!$G$22 -> 1995
B32: 4 | C32: Saus Mayo Spicy | D32: 30 | E32: gr | F32: =D32*'Daftar HPP'!$L$152 -> 2144.1037 | H32: 4 | I32: Saus Garlic | J32: 30 | K32: gr | L32: =J32*'Daftar HPP'!$L$143 -> 1647.4064 | T32: 4 | U32: Saus Mayo Spicy | V32: 30 | W32: gr | X32: =V32*'Daftar HPP'!$L$152 -> 2144.1037 | Z32: 4 | AA32: Saus Garlic | AB32: 30 | AC32: gr | AD32: =AB32*'Daftar HPP'!$L$143 -> 1647.4064
B33: 5 | C33: Bubuk Nori | D33: 1 | E33: gr | F33: =D33*'Daftar HPP'!$G$34 -> 500 | H33: 5 | I33: Bubuk Nori | J33: 1 | K33: gr | L33: =J33*'Daftar HPP'!$G$34 -> 500 | T33: 5 | U33: Bubuk Nori | V33: 1 | W33: gr | X33: =V33*'Daftar HPP'!$G$34 -> 500 | Z33: 5 | AA33: Bubuk Nori | AB33: 1 | AC33: gr | AD33: =AB33*'Daftar HPP'!$G$34 -> 500
B34: 6 | C34: Packaging Tray | D34: 1 | E34: lembar | F34: =D34*'Daftar HPP'!$G$39 -> 1100 | H34: 6 | I34: Packaging Tray | J34: 1 | K34: lembar | L34: =J34*'Daftar HPP'!$G$39 -> 1100 | T34: 6 | U34: Packaging Tray | V34: 1 | W34: lembar | X34: =V34*'Daftar HPP'!$G$39 -> 1100 | Z34: 6 | AA34: Packaging Tray | AB34: 1 | AC34: lembar | AD34: =AB34*'Daftar HPP'!$G$39 -> 1100
D35: Total | F35: =SUM(F29:F34) -> 11913.794 | J35: Total | L35: =SUM(L29:L34) -> 11318.138 | V35: Total | X35: =SUM(X29:X34) -> 16789.526 | AB35: Total | AD35: =SUM(AD29:AD34) -> 16193.87
D36: Harga Jual | F36: 23000 | J36: Harga Jual | L36: 23000 | V36: Harga Jual | X36: 32000 | AB36: Harga Jual | AD36: 32000
D37: Margine | F37: =F36-F35 -> 11086.206 | J37: Margine | L37: =L36-L35 -> 11681.862 | V37: Margine | X37: =X36-X35 -> 15210.474 | AB37: Margine | AD37: =AD36-AD35 -> 15806.13
B39: 4. DCC CUT TRAY SAUS KEJU + SAUS GARLIC | H39: 8. DCC CUT TRAY SAUS MAYO SPICY + SAUS CARBONARA | T39: 4. DCC CUT TRAY SAUS KEJU + SAUS GARLIC | Z39: 8. DCC CUT TRAY SAUS MAYO SPICY + SAUS CARBONARA
B40: No | C40: Item | D40: Qty | E40: Satuan | F40: Jumlah | H40: No | I40: Item | J40: Qty | K40: Satuan | L40: Jumlah | T40: No | U40: Item | V40: Qty | W40: Satuan | X40: Jumlah | Z40: No | AA40: Item | AB40: Qty | AC40: Satuan | AD40: Jumlah
B41: 1 | C41: Ayam Crispy | D41: 1 | E41: Potong | F41: =D41*'Daftar HPP'!$L$57 -> 4875.7316 | H41: 1 | I41: Ayam Crispy | J41: 1 | K41: Potong | L41: =J41*'Daftar HPP'!$L$57 -> 4875.7316 | T41: 1 | U41: Ayam Crispy | V41: 2 | W41: Potong | X41: =V41*'Daftar HPP'!$L$57 -> 9751.4632 | Z41: 1 | AA41: Ayam Crispy | AB41: 2 | AC41: Potong | AD41: =AB41*'Daftar HPP'!$L$57 -> 9751.4632
B42: 2 | C42: Nasi | D42: 1 | E42: Porsi | F42: =D42*'Daftar HPP'!$G$13 -> 1200 | H42: 2 | I42: Nasi | J42: 1 | K42: Porsi | L42: =J42*'Daftar HPP'!$G$13 -> 1200 | T42: 2 | U42: Nasi | V42: 1 | W42: Porsi | X42: =V42*'Daftar HPP'!$G$13 -> 1200 | Z42: 2 | AA42: Nasi | AB42: 1 | AC42: Porsi | AD42: =AB42*'Daftar HPP'!$G$13 -> 1200
B43: 3 | C43: Saus Keju | D43: 30 | E43: gr | F43: =D43*'Daftar HPP'!$F$152 -> 2093.9588 | H43: 3 | I43: Saus Mayo Spicy | J43: 30 | K43: gr | L43: =J43*'Daftar HPP'!$L$152 -> 2144.1037 | T43: 3 | U43: Saus Keju | V43: 30 | W43: gr | X43: =V43*'Daftar HPP'!$F$152 -> 2093.9588 | Z43: 3 | AA43: Saus Mayo Spicy | AB43: 30 | AC43: gr | AD43: =AB43*'Daftar HPP'!$L$152 -> 2144.1037
B44: 4 | C44: Saus Garlic | D44: 30 | E44: gr | F44: =D44*'Daftar HPP'!$L$143 -> 1647.4064 | H44: 4 | I44: Saus Carbonara | J44: 30 | K44: gr | L44: =J44*'Daftar HPP'!$F$143 -> 2146.3497 | T44: 4 | U44: Saus Garlic | V44: 30 | W44: gr | X44: =V44*'Daftar HPP'!$L$143 -> 1647.4064 | Z44: 4 | AA44: Saus Carbonara | AB44: 30 | AC44: gr | AD44: =AB44*'Daftar HPP'!$F$143 -> 2146.3497
B45: 5 | C45: Bubuk Nori | D45: 1 | E45: gr | F45: =D45*'Daftar HPP'!$G$34 -> 500 | H45: 5 | I45: Bubuk Nori | J45: 1 | K45: gr | L45: =J45*'Daftar HPP'!$G$34 -> 500 | T45: 5 | U45: Bubuk Nori | V45: 1 | W45: gr | X45: =V45*'Daftar HPP'!$G$34 -> 500 | Z45: 5 | AA45: Bubuk Nori | AB45: 1 | AC45: gr | AD45: =AB45*'Daftar HPP'!$G$34 -> 500
B46: 6 | C46: Packaging Tray | D46: 1 | E46: lembar | F46: =D46*'Daftar HPP'!$G$39 -> 1100 | H46: 6 | I46: Packaging Tray | J46: 1 | K46: lembar | L46: =J46*'Daftar HPP'!$G$39 -> 1100 | T46: 6 | U46: Packaging Tray | V46: 1 | W46: lembar | X46: =V46*'Daftar HPP'!$G$39 -> 1100 | Z46: 6 | AA46: Packaging Tray | AB46: 1 | AC46: lembar | AD46: =AB46*'Daftar HPP'!$G$39 -> 1100
D47: Total | F47: =SUM(F41:F46) -> 11417.097 | J47: Total | L47: =SUM(L41:L46) -> 11966.185 | V47: Total | X47: =SUM(X41:X46) -> 16292.828 | AB47: Total | AD47: =SUM(AD41:AD46) -> 16841.917
D48: Harga Jual | F48: 23000 | J48: Harga Jual | L48: 23000 | V48: Harga Jual | X48: 32000 | AB48: Harga Jual | AD48: 32000
D49: Margine | F49: =F48-F47 -> 11582.903 | J49: Margine | L49: =L48-L47 -> 11033.815 | V49: Margine | X49: =X48-X47 -> 15707.172 | AB49: Margine | AD49: =AD48-AD47 -> 15158.083
B51: HPP DAN HARGA JUAL DCC CUT TRAY (AYAM CRISPY SAUS SADIS + NASI) STANDAR | T51: HPP DAN HARGA JUAL DCC CUT TRAY (AYAM CRISPY SAUS SADIS + NASI) DOUBLE
B52: 1. DCC CUT TRAY SAUS KEJU + SAUS MENTAI | H52: 5. DCC CUT TRAY MENTAI + SAUS CARBONARA | N52: 9. DCC CUT TRAY SAUS MAYO SPICY + SAUS GARLIC | T52: 1. DCC CUT TRAY SAUS KEJU + SAUS MENTAI | Z52: 5. DCC CUT TRAY MENTAI + SAUS CARBONARA | AF52: 9. DCC CUT TRAY SAUS MAYO SPICY + SAUS GARLIC
B53: No | C53: Item | D53: Qty | E53: Satuan | F53: Jumlah | H53: No | I53: Item | J53: Qty | K53: Satuan | L53: Jumlah | N53: No | O53: Item | P53: Qty | Q53: Satuan | R53: Jumlah | T53: No | U53: Item | V53: Qty | W53: Satuan | X53: Jumlah | Z53: No | AA53: Item | AB53: Qty | AC53: Satuan | AD53: Jumlah | AF53: No | AG53: Item | AH53: Qty | AI53: Satuan | AJ53: Jumlah
B54: 1 | C54: Ayam Crispy | D54: 1 | E54: Potong | F54: =D54*'Daftar HPP'!$L$57 -> 4875.7316 | H54: 1 | I54: Ayam Crispy | J54: 1 | K54: Potong | L54: =J54*'Daftar HPP'!$L$57 -> 4875.7316 | N54: 1 | O54: Ayam Crispy | P54: 1 | Q54: Potong | R54: =P54*'Daftar HPP'!$L$57 -> 4875.7316 | T54: 1 | U54: Ayam Crispy | V54: 2 | W54: Potong | X54: =V54*'Daftar HPP'!$L$57 -> 9751.4632 | Z54: 1 | AA54: Ayam Crispy | AB54: 2 | AC54: Potong | AD54: =AB54*'Daftar HPP'!$L$57 -> 9751.4632 | AF54: 1 | AG54: Ayam Crispy | AH54: 2 | AI54: Potong | AJ54: =AH54*'Daftar HPP'!$L$57 -> 9751.4632
B55: 2 | C55: Saus Sadis | D55: 40 | E55: gr | F55: =D55*'Daftar HPP'!$F$114 -> 1874.0829 | H55: 2 | I55: Saus Sadis | J55: 40 | K55: gr | L55: =J55*'Daftar HPP'!$F$114 -> 1874.0829 | N55: 2 | O55: Saus Sadis | P55: 40 | Q55: gr | R55: =P55*'Daftar HPP'!$F$114 -> 1874.0829 | T55: 2 | U55: Saus Sadis | V55: 80 | W55: gr | X55: =V55*'Daftar HPP'!$F$114 -> 3748.1659 | Z55: 2 | AA55: Saus Sadis | AB55: 80 | AC55: gr | AD55: =AB55*'Daftar HPP'!$F$114 -> 3748.1659 | AF55: 2 | AG55: Saus Sadis | AH55: 80 | AI55: gr | AJ55: =AH55*'Daftar HPP'!$F$114 -> 3748.1659
B56: 3 | C56: Nasi | D56: 1 | E56: Porsi | F56: =D56*'Daftar HPP'!$G$13 -> 1200 | H56: 3 | I56: Nasi | J56: 1 | K56: Porsi | L56: =J56*'Daftar HPP'!$G$13 -> 1200 | N56: 3 | O56: Nasi | P56: 1 | Q56: Porsi | R56: =P56*'Daftar HPP'!$G$13 -> 1200 | T56: 3 | U56: Nasi | V56: 1 | W56: Porsi | X56: =V56*'Daftar HPP'!$G$13 -> 1200 | Z56: 3 | AA56: Nasi | AB56: 1 | AC56: Porsi | AD56: =AB56*'Daftar HPP'!$G$13 -> 1200 | AF56: 3 | AG56: Nasi | AH56: 1 | AI56: Porsi | AJ56: =AH56*'Daftar HPP'!$G$13 -> 1200
B57: 4 | C57: Saus Keju | D57: 30 | E57: gr | F57: =D57*'Daftar HPP'!$F$152 -> 2093.9588 | H57: 4 | I57: Saus Mentai | J57: 30 | K57: gr | L57: =J57*'Daftar HPP'!$G$22 -> 1995 | N57: 4 | O57: Saus Mayo Spicy | P57: 30 | Q57: gr | R57: =P57*'Daftar HPP'!$L$152 -> 2144.1037 | T57: 4 | U57: Saus Keju | V57: 30 | W57: gr | X57: =V57*'Daftar HPP'!$F$152 -> 2093.9588 | Z57: 4 | AA57: Saus Mentai | AB57: 30 | AC57: gr | AD57: =AB57*'Daftar HPP'!$G$22 -> 1995 | AF57: 4 | AG57: Saus Mayo Spicy | AH57: 30 | AI57: gr | AJ57: =AH57*'Daftar HPP'!$L$152 -> 2144.1037
B58: 5 | C58: Saus Mentai | D58: 30 | E58: gr | F58: =D58*'Daftar HPP'!$G$22 -> 1995 | H58: 5 | I58: Saus Carbonara | J58: 30 | K58: gr | L58: =J58*'Daftar HPP'!$F$143 -> 2146.3497 | N58: 5 | O58: Saus Garlic | P58: 30 | Q58: gr | R58: =P58*'Daftar HPP'!$L$143 -> 1647.4064 | T58: 5 | U58: Saus Mentai | V58: 30 | W58: gr | X58: =V58*'Daftar HPP'!$G$22 -> 1995 | Z58: 5 | AA58: Saus Carbonara | AB58: 30 | AC58: gr | AD58: =AB58*'Daftar HPP'!$F$143 -> 2146.3497 | AF58: 5 | AG58: Saus Garlic | AH58: 30 | AI58: gr | AJ58: =AH58*'Daftar HPP'!$L$143 -> 1647.4064
B59: 6 | C59: Bubuk Nori | D59: 1 | E59: gr | F59: =D59*'Daftar HPP'!$G$34 -> 500 | H59: 6 | I59: Bubuk Nori | J59: 1 | K59: gr | L59: =J59*'Daftar HPP'!$G$34 -> 500 | N59: 6 | O59: Bubuk Nori | P59: 1 | Q59: gr | R59: =P59*'Daftar HPP'!$G$34 -> 500 | T59: 6 | U59: Bubuk Nori | V59: 1 | W59: gr | X59: =V59*'Daftar HPP'!$G$34 -> 500 | Z59: 6 | AA59: Bubuk Nori | AB59: 1 | AC59: gr | AD59: =AB59*'Daftar HPP'!$G$34 -> 500 | AF59: 6 | AG59: Bubuk Nori | AH59: 1 | AI59: gr | AJ59: =AH59*'Daftar HPP'!$G$34 -> 500
B60: 7 | C60: Packaging Tray | D60: 1 | E60: lembar | F60: =D60*'Daftar HPP'!$G$39 -> 1100 | H60: 7 | I60: Packaging Tray | J60: 1 | K60: lembar | L60: =J60*'Daftar HPP'!$G$39 -> 1100 | N60: 7 | O60: Packaging Tray | P60: 1 | Q60: lembar | R60: =P60*'Daftar HPP'!$G$39 -> 1100 | T60: 7 | U60: Packaging Tray | V60: 1 | W60: lembar | X60: =V60*'Daftar HPP'!$G$39 -> 1100 | Z60: 7 | AA60: Packaging Tray | AB60: 1 | AC60: lembar | AD60: =AB60*'Daftar HPP'!$G$39 -> 1100 | AF60: 7 | AG60: Packaging Tray | AH60: 1 | AI60: lembar | AJ60: =AH60*'Daftar HPP'!$G$39 -> 1100
D61: Total | F61: =SUM(F54:F60) -> 13638.773 | J61: Total | L61: =SUM(L54:L60) -> 13691.164 | P61: Total | R61: =SUM(R54:R60) -> 13341.325 | V61: Total | X61: =SUM(X54:X60) -> 20388.588 | AB61: Total | AD61: =SUM(AD54:AD60) -> 20440.979 | AH61: Total | AJ61: =SUM(AJ54:AJ60) -> 20091.139
D62: Harga Jual | F62: 26000 | J62: Harga Jual | L62: 26000 | P62: Harga Jual | R62: 26000 | V62: Harga Jual | X62: 38000 | AB62: Harga Jual | AD62: 38000 | AH62: Harga Jual | AJ62: 38000
D63: Margine | F63: =F62-F61 -> 12361.227 | J63: Margine | L63: =L62-L61 -> 12308.836 | P63: Margine | R63: =R62-R61 -> 12658.675 | V63: Margine | X63: =X62-X61 -> 17611.412 | AB63: Margine | AD63: =AD62-AD61 -> 17559.021 | AH63: Margine | AJ63: =AJ62-AJ61 -> 17908.861
B65: 2. DCC CUT TRAY SAUS KEJU + SAUS CARBONARA | H65: 6. DCC CUT TRAY SAUS MENTAI + SAUS MAYO SPICY | N65: 10. DCC CUT TRAY SAUS CARBONARA + SAUS GARLIC | T65: 2. DCC CUT TRAY SAUS KEJU + SAUS CARBONARA | Z65: 6. DCC CUT TRAY SAUS MENTAI + SAUS MAYO SPICY | AF65: 10. DCC CUT TRAY SAUS CARBONARA + SAUS GARLIC
B66: No | C66: Item | D66: Qty | E66: Satuan | F66: Jumlah | H66: No | I66: Item | J66: Qty | K66: Satuan | L66: Jumlah | N66: No | O66: Item | P66: Qty | Q66: Satuan | R66: Jumlah | T66: No | U66: Item | V66: Qty | W66: Satuan | X66: Jumlah | Z66: No | AA66: Item | AB66: Qty | AC66: Satuan | AD66: Jumlah | AF66: No | AG66: Item | AH66: Qty | AI66: Satuan | AJ66: Jumlah
B67: 1 | C67: Ayam Crispy | D67: 1 | E67: Potong | F67: =D67*'Daftar HPP'!$L$57 -> 4875.7316 | H67: 1 | I67: Ayam Crispy | J67: 1 | K67: Potong | L67: =J67*'Daftar HPP'!$L$57 -> 4875.7316 | N67: 1 | O67: Ayam Crispy | P67: 1 | Q67: Potong | R67: =P67*'Daftar HPP'!$L$57 -> 4875.7316 | T67: 1 | U67: Ayam Crispy | V67: 2 | W67: Potong | X67: =V67*'Daftar HPP'!$L$57 -> 9751.4632 | Z67: 1 | AA67: Ayam Crispy | AB67: 2 | AC67: Potong | AD67: =AB67*'Daftar HPP'!$L$57 -> 9751.4632 | AF67: 1 | AG67: Ayam Crispy | AH67: 2 | AI67: Potong | AJ67: =AH67*'Daftar HPP'!$L$57 -> 9751.4632
B68: 2 | C68: Saus Sadis | D68: 40 | E68: gr | F68: =D68*'Daftar HPP'!$F$114 -> 1874.0829 | H68: 2 | I68: Saus Sadis | J68: 40 | K68: gr | L68: =J68*'Daftar HPP'!$F$114 -> 1874.0829 | N68: 2 | O68: Saus Sadis | P68: 40 | Q68: gr | R68: =P68*'Daftar HPP'!$F$114 -> 1874.0829 | T68: 2 | U68: Saus Sadis | V68: 80 | W68: gr | X68: =V68*'Daftar HPP'!$F$114 -> 3748.1659 | Z68: 2 | AA68: Saus Sadis | AB68: 80 | AC68: gr | AD68: =AB68*'Daftar HPP'!$F$114 -> 3748.1659 | AF68: 2 | AG68: Saus Sadis | AH68: 80 | AI68: gr | AJ68: =AH68*'Daftar HPP'!$F$114 -> 3748.1659
B69: 3 | C69: Nasi | D69: 1 | E69: Porsi | F69: =D69*'Daftar HPP'!$G$13 -> 1200 | H69: 3 | I69: Nasi | J69: 1 | K69: Porsi | L69: =J69*'Daftar HPP'!$G$13 -> 1200 | N69: 3 | O69: Nasi | P69: 1 | Q69: Porsi | R69: =P69*'Daftar HPP'!$G$13 -> 1200 | T69: 3 | U69: Nasi | V69: 1 | W69: Porsi | X69: =V69*'Daftar HPP'!$G$13 -> 1200 | Z69: 3 | AA69: Nasi | AB69: 1 | AC69: Porsi | AD69: =AB69*'Daftar HPP'!$G$13 -> 1200 | AF69: 3 | AG69: Nasi | AH69: 1 | AI69: Porsi | AJ69: =AH69*'Daftar HPP'!$G$13 -> 1200
B70: 4 | C70: Saus Keju | D70: 30 | E70: gr | F70: =D70*'Daftar HPP'!$F$152 -> 2093.9588 | H70: 4 | I70: Saus Mentai | J70: 30 | K70: gr | L70: =J70*'Daftar HPP'!$G$22 -> 1995 | N70: 4 | O70: Saus Carbonara | P70: 30 | Q70: gr | R70: =P70*'Daftar HPP'!$F$143 -> 2146.3497 | T70: 4 | U70: Saus Keju | V70: 30 | W70: gr | X70: =V70*'Daftar HPP'!$F$152 -> 2093.9588 | Z70: 4 | AA70: Saus Mentai | AB70: 30 | AC70: gr | AD70: =AB70*'Daftar HPP'!$G$22 -> 1995 | AF70: 4 | AG70: Saus Carbonara | AH70: 30 | AI70: gr | AJ70: =AH70*'Daftar HPP'!$F$143 -> 2146.3497
B71: 5 | C71: Saus Carbonara | D71: 30 | E71: gr | F71: =D71*'Daftar HPP'!$F$143 -> 2146.3497 | H71: 5 | I71: Saus Mayo Spicy | J71: 30 | K71: gr | L71: =J71*'Daftar HPP'!$L$152 -> 2144.1037 | N71: 5 | O71: Saus Garlic | P71: 30 | Q71: gr | R71: =P71*'Daftar HPP'!$L$143 -> 1647.4064 | T71: 5 | U71: Saus Carbonara | V71: 30 | W71: gr | X71: =V71*'Daftar HPP'!$F$143 -> 2146.3497 | Z71: 5 | AA71: Saus Mayo Spicy | AB71: 30 | AC71: gr | AD71: =AB71*'Daftar HPP'!$L$152 -> 2144.1037 | AF71: 5 | AG71: Saus Garlic | AH71: 30 | AI71: gr | AJ71: =AH71*'Daftar HPP'!$L$143 -> 1647.4064
B72: 6 | C72: Bubuk Nori | D72: 1 | E72: gr | F72: =D72*'Daftar HPP'!$G$34 -> 500 | H72: 6 | I72: Bubuk Nori | J72: 1 | K72: gr | L72: =J72*'Daftar HPP'!$G$34 -> 500 | N72: 6 | O72: Bubuk Nori | P72: 1 | Q72: gr | R72: =P72*'Daftar HPP'!$G$34 -> 500 | T72: 6 | U72: Bubuk Nori | V72: 1 | W72: gr | X72: =V72*'Daftar HPP'!$G$34 -> 500 | Z72: 6 | AA72: Bubuk Nori | AB72: 1 | AC72: gr | AD72: =AB72*'Daftar HPP'!$G$34 -> 500 | AF72: 6 | AG72: Bubuk Nori | AH72: 1 | AI72: gr | AJ72: =AH72*'Daftar HPP'!$G$34 -> 500
B73: 7 | C73: Packaging Tray | D73: 1 | E73: lembar | F73: =D73*'Daftar HPP'!$G$39 -> 1100 | H73: 7 | I73: Packaging Tray | J73: 1 | K73: lembar | L73: =J73*'Daftar HPP'!$G$39 -> 1100 | N73: 7 | O73: Packaging Tray | P73: 1 | Q73: lembar | R73: =P73*'Daftar HPP'!$G$39 -> 1100 | T73: 7 | U73: Packaging Tray | V73: 1 | W73: lembar | X73: =V73*'Daftar HPP'!$G$39 -> 1100 | Z73: 7 | AA73: Packaging Tray | AB73: 1 | AC73: lembar | AD73: =AB73*'Daftar HPP'!$G$39 -> 1100 | AF73: 7 | AG73: Packaging Tray | AH73: 1 | AI73: lembar | AJ73: =AH73*'Daftar HPP'!$G$39 -> 1100
D74: Total | F74: =SUM(F67:F73) -> 13790.123 | J74: Total | L74: =SUM(L67:L73) -> 13688.918 | P74: Total | R74: =SUM(R67:R73) -> 13343.571 | V74: Total | X74: =SUM(X67:X73) -> 20539.938 | AB74: Total | AD74: =SUM(AD67:AD73) -> 20438.733 | AH74: Total | AJ74: =SUM(AJ67:AJ73) -> 20093.385
D75: Harga Jual | F75: 26000 | J75: Harga Jual | L75: 26000 | P75: Harga Jual | R75: 26000 | V75: Harga Jual | X75: 38000 | AB75: Harga Jual | AD75: 38000 | AH75: Harga Jual | AJ75: 38000
D76: Margine | F76: =F75-F74 -> 12209.877 | J76: Margine | L76: =L75-L74 -> 12311.082 | P76: Margine | R76: =R75-R74 -> 12656.429 | V76: Margine | X76: =X75-X74 -> 17460.062 | AB76: Margine | AD76: =AD75-AD74 -> 17561.267 | AH76: Margine | AJ76: =AJ75-AJ74 -> 17906.615
B78: 3. DCC CUT TRAY SAUS KEJU + SAUS MAYO SPICY | H78: 7. DCC CUT TRAY SAUS MENTAI + SAUS GARLIC | T78: 3. DCC CUT TRAY SAUS KEJU + SAUS MAYO SPICY | Z78: 7. DCC CUT TRAY SAUS MENTAI + SAUS GARLIC
B79: No | C79: Item | D79: Qty | E79: Satuan | F79: Jumlah | H79: No | I79: Item | J79: Qty | K79: Satuan | L79: Jumlah | T79: No | U79: Item | V79: Qty | W79: Satuan | X79: Jumlah | Z79: No | AA79: Item | AB79: Qty | AC79: Satuan | AD79: Jumlah
B80: 1 | C80: Ayam Crispy | D80: 1 | E80: Potong | F80: =D80*'Daftar HPP'!$L$57 -> 4875.7316 | H80: 1 | I80: Ayam Crispy | J80: 1 | K80: Potong | L80: =J80*'Daftar HPP'!$L$57 -> 4875.7316 | T80: 1 | U80: Ayam Crispy | V80: 2 | W80: Potong | X80: =V80*'Daftar HPP'!$L$57 -> 9751.4632 | Z80: 1 | AA80: Ayam Crispy | AB80: 2 | AC80: Potong | AD80: =AB80*'Daftar HPP'!$L$57 -> 9751.4632
B81: 2 | C81: Saus Sadis | D81: 40 | E81: gr | F81: =D81*'Daftar HPP'!$F$114 -> 1874.0829 | H81: 2 | I81: Saus Sadis | J81: 40 | K81: gr | L81: =J81*'Daftar HPP'!$F$114 -> 1874.0829 | T81: 2 | U81: Saus Sadis | V81: 80 | W81: gr | X81: =V81*'Daftar HPP'!$F$114 -> 3748.1659 | Z81: 2 | AA81: Saus Sadis | AB81: 80 | AC81: gr | AD81: =AB81*'Daftar HPP'!$F$114 -> 3748.1659
B82: 3 | C82: Nasi | D82: 1 | E82: Porsi | F82: =D82*'Daftar HPP'!$G$13 -> 1200 | H82: 3 | I82: Nasi | J82: 1 | K82: Porsi | L82: =J82*'Daftar HPP'!$G$13 -> 1200 | T82: 3 | U82: Nasi | V82: 1 | W82: Porsi | X82: =V82*'Daftar HPP'!$G$13 -> 1200 | Z82: 3 | AA82: Nasi | AB82: 1 | AC82: Porsi | AD82: =AB82*'Daftar HPP'!$G$13 -> 1200
B83: 4 | C83: Saus Keju | D83: 30 | E83: gr | F83: =D83*'Daftar HPP'!$F$152 -> 2093.9588 | H83: 4 | I83: Saus Mentai | J83: 30 | K83: gr | L83: =J83*'Daftar HPP'!$G$22 -> 1995 | T83: 4 | U83: Saus Keju | V83: 30 | W83: gr | X83: =V83*'Daftar HPP'!$F$152 -> 2093.9588 | Z83: 4 | AA83: Saus Mentai | AB83: 30 | AC83: gr | AD83: =AB83*'Daftar HPP'!$G$22 -> 1995
B84: 5 | C84: Saus Mayo Spicy | D84: 30 | E84: gr | F84: =D84*'Daftar HPP'!$L$152 -> 2144.1037 | H84: 5 | I84: Saus Garlic | J84: 30 | K84: gr | L84: =J84*'Daftar HPP'!$L$143 -> 1647.4064 | T84: 5 | U84: Saus Mayo Spicy | V84: 30 | W84: gr | X84: =V84*'Daftar HPP'!$L$152 -> 2144.1037 | Z84: 5 | AA84: Saus Garlic | AB84: 30 | AC84: gr | AD84: =AB84*'Daftar HPP'!$L$143 -> 1647.4064
B85: 6 | C85: Bubuk Nori | D85: 1 | E85: gr | F85: =D85*'Daftar HPP'!$G$34 -> 500 | H85: 6 | I85: Bubuk Nori | J85: 1 | K85: gr | L85: =J85*'Daftar HPP'!$G$34 -> 500 | T85: 6 | U85: Bubuk Nori | V85: 1 | W85: gr | X85: =V85*'Daftar HPP'!$G$34 -> 500 | Z85: 6 | AA85: Bubuk Nori | AB85: 1 | AC85: gr | AD85: =AB85*'Daftar HPP'!$G$34 -> 500
B86: 7 | C86: Packaging Tray | D86: 1 | E86: lembar | F86: =D86*'Daftar HPP'!$G$39 -> 1100 | H86: 7 | I86: Packaging Tray | J86: 1 | K86: lembar | L86: =J86*'Daftar HPP'!$G$39 -> 1100 | T86: 7 | U86: Packaging Tray | V86: 1 | W86: lembar | X86: =V86*'Daftar HPP'!$G$39 -> 1100 | Z86: 7 | AA86: Packaging Tray | AB86: 1 | AC86: lembar | AD86: =AB86*'Daftar HPP'!$G$39 -> 1100
D87: Total | F87: =SUM(F80:F86) -> 13787.877 | J87: Total | L87: =SUM(L80:L86) -> 13192.221 | V87: Total | X87: =SUM(X80:X86) -> 20537.692 | AB87: Total | AD87: =SUM(AD80:AD86) -> 19942.035
D88: Harga Jual | F88: 26000 | J88: Harga Jual | L88: 26000 | V88: Harga Jual | X88: 38000 | AB88: Harga Jual | AD88: 38000
D89: Margine | F89: =F88-F87 -> 12212.123 | J89: Margine | L89: =L88-L87 -> 12807.779 | V89: Margine | X89: =X88-X87 -> 17462.308 | AB89: Margine | AD89: =AD88-AD87 -> 18057.965
B91: 4. DCC CUT TRAY SAUS KEJU + SAUS GARLIC | H91: 8. DCC CUT TRAY SAUS MAYO SPICY + SAUS CARBONARA | T91: 4. DCC CUT TRAY SAUS KEJU + SAUS GARLIC | Z91: 8. DCC CUT TRAY SAUS MAYO SPICY + SAUS CARBONARA
B92: No | C92: Item | D92: Qty | E92: Satuan | F92: Jumlah | H92: No | I92: Item | J92: Qty | K92: Satuan | L92: Jumlah | T92: No | U92: Item | V92: Qty | W92: Satuan | X92: Jumlah | Z92: No | AA92: Item | AB92: Qty | AC92: Satuan | AD92: Jumlah
B93: 1 | C93: Ayam Crispy | D93: 1 | E93: Potong | F93: =D93*'Daftar HPP'!$L$57 -> 4875.7316 | H93: 1 | I93: Ayam Crispy | J93: 1 | K93: Potong | L93: =J93*'Daftar HPP'!$L$57 -> 4875.7316 | T93: 1 | U93: Ayam Crispy | V93: 2 | W93: Potong | X93: =V93*'Daftar HPP'!$L$57 -> 9751.4632 | Z93: 1 | AA93: Ayam Crispy | AB93: 2 | AC93: Potong | AD93: =AB93*'Daftar HPP'!$L$57 -> 9751.4632
B94: 2 | C94: Saus Sadis | D94: 40 | E94: gr | F94: =D94*'Daftar HPP'!$F$114 -> 1874.0829 | H94: 2 | I94: Saus Sadis | J94: 40 | K94: gr | L94: =J94*'Daftar HPP'!$F$114 -> 1874.0829 | T94: 2 | U94: Saus Sadis | V94: 80 | W94: gr | X94: =V94*'Daftar HPP'!$F$114 -> 3748.1659 | Z94: 2 | AA94: Saus Sadis | AB94: 80 | AC94: gr | AD94: =AB94*'Daftar HPP'!$F$114 -> 3748.1659
B95: 3 | C95: Nasi | D95: 1 | E95: Porsi | F95: =D95*'Daftar HPP'!$G$13 -> 1200 | H95: 3 | I95: Nasi | J95: 1 | K95: Porsi | L95: =J95*'Daftar HPP'!$G$13 -> 1200 | T95: 3 | U95: Nasi | V95: 1 | W95: Porsi | X95: =V95*'Daftar HPP'!$G$13 -> 1200 | Z95: 3 | AA95: Nasi | AB95: 1 | AC95: Porsi | AD95: =AB95*'Daftar HPP'!$G$13 -> 1200
B96: 4 | C96: Saus Keju | D96: 30 | E96: gr | F96: =D96*'Daftar HPP'!$F$152 -> 2093.9588 | H96: 4 | I96: Saus Mayo Spicy | J96: 30 | K96: gr | L96: =J96*'Daftar HPP'!$L$152 -> 2144.1037 | T96: 4 | U96: Saus Keju | V96: 30 | W96: gr | X96: =V96*'Daftar HPP'!$F$152 -> 2093.9588 | Z96: 4 | AA96: Saus Mayo Spicy | AB96: 30 | AC96: gr | AD96: =AB96*'Daftar HPP'!$L$152 -> 2144.1037
B97: 5 | C97: Saus Garlic | D97: 30 | E97: gr | F97: =D97*'Daftar HPP'!$L$143 -> 1647.4064 | H97: 5 | I97: Saus Carbonara | J97: 30 | K97: gr | L97: =J97*'Daftar HPP'!$F$143 -> 2146.3497 | T97: 5 | U97: Saus Garlic | V97: 30 | W97: gr | X97: =V97*'Daftar HPP'!$L$143 -> 1647.4064 | Z97: 5 | AA97: Saus Carbonara | AB97: 30 | AC97: gr | AD97: =AB97*'Daftar HPP'!$F$143 -> 2146.3497
B98: 6 | C98: Bubuk Nori | D98: 1 | E98: gr | F98: =D98*'Daftar HPP'!$G$34 -> 500 | H98: 6 | I98: Bubuk Nori | J98: 1 | K98: gr | L98: =J98*'Daftar HPP'!$G$34 -> 500 | T98: 6 | U98: Bubuk Nori | V98: 1 | W98: gr | X98: =V98*'Daftar HPP'!$G$34 -> 500 | Z98: 6 | AA98: Bubuk Nori | AB98: 1 | AC98: gr | AD98: =AB98*'Daftar HPP'!$G$34 -> 500
B99: 7 | C99: Packaging Tray | D99: 1 | E99: lembar | F99: =D99*'Daftar HPP'!$G$39 -> 1100 | H99: 7 | I99: Packaging Tray | J99: 1 | K99: lembar | L99: =J99*'Daftar HPP'!$G$39 -> 1100 | T99: 7 | U99: Packaging Tray | V99: 1 | W99: lembar | X99: =V99*'Daftar HPP'!$G$39 -> 1100 | Z99: 7 | AA99: Packaging Tray | AB99: 1 | AC99: lembar | AD99: =AB99*'Daftar HPP'!$G$39 -> 1100
D100: Total | F100: =SUM(F93:F99) -> 13291.18 | J100: Total | L100: =SUM(L93:L99) -> 13840.268 | V100: Total | X100: =SUM(X93:X99) -> 20040.994 | AB100: Total | AD100: =SUM(AD93:AD99) -> 20590.082
D101: Harga Jual | F101: 26000 | J101: Harga Jual | L101: 26000 | V101: Harga Jual | X101: 38000 | AB101: Harga Jual | AD101: 38000
D102: Margine | F102: =F101-F100 -> 12708.82 | J102: Margine | L102: =L101-L100 -> 12159.732 | V102: Margine | X102: =X101-X100 -> 17959.006 | AB102: Margine | AD102: =AD101-AD100 -> 17409.918
B104: HPP DAN HARGA JUAL DCC CUT TRAY (AYAM CRISPY SAUS BARBEQUE SPICY + NASI) STANDAR | T104: HPP DAN HARGA JUAL DCC CUT TRAY (AYAM CRISPY SAUS BARBEQUE SPICY + NASI) DOUBLE
B105: 1. DCC CUT TRAY SAUS KEJU + SAUS MENTAI | H105: 5. DCC CUT TRAY MENTAI + SAUS CARBONARA | N105: 9. DCC CUT TRAY SAUS MAYO SPICY + SAUS GARLIC | T105: 1. DCC CUT TRAY SAUS KEJU + SAUS MENTAI | Z105: 5. DCC CUT TRAY MENTAI + SAUS CARBONARA | AF105: 9. DCC CUT TRAY SAUS MAYO SPICY + SAUS GARLIC
B106: No | C106: Item | D106: Qty | E106: Satuan | F106: Jumlah | H106: No | I106: Item | J106: Qty | K106: Satuan | L106: Jumlah | N106: No | O106: Item | P106: Qty | Q106: Satuan | R106: Jumlah | T106: No | U106: Item | V106: Qty | W106: Satuan | X106: Jumlah | Z106: No | AA106: Item | AB106: Qty | AC106: Satuan | AD106: Jumlah | AF106: No | AG106: Item | AH106: Qty | AI106: Satuan | AJ106: Jumlah
B107: 1 | C107: Ayam Crispy | D107: 1 | E107: Potong | F107: =D107*'Daftar HPP'!$L$57 -> 4875.7316 | H107: 1 | I107: Ayam Crispy | J107: 1 | K107: Potong | L107: =J107*'Daftar HPP'!$L$57 -> 4875.7316 | N107: 1 | O107: Ayam Crispy | P107: 1 | Q107: Potong | R107: =P107*'Daftar HPP'!$L$57 -> 4875.7316 | T107: 1 | U107: Ayam Crispy | V107: 2 | W107: Potong | X107: =V107*'Daftar HPP'!$L$57 -> 9751.4632 | Z107: 1 | AA107: Ayam Crispy | AB107: 2 | AC107: Potong | AD107: =AB107*'Daftar HPP'!$L$57 -> 9751.4632 | AF107: 1 | AG107: Ayam Crispy | AH107: 2 | AI107: Potong | AJ107: =AH107*'Daftar HPP'!$L$57 -> 9751.4632
B108: 2 | C108: Saus Barbeque Spicy | D108: 40 | E108: gr | F108: =D108*'Daftar HPP'!$F$123 -> 1845.2951 | H108: 2 | I108: Saus Barbeque Spicy | J108: 40 | K108: gr | L108: =J108*'Daftar HPP'!$F$123 -> 1845.2951 | N108: 2 | O108: Saus Barbeque Spicy | P108: 40 | Q108: gr | R108: =P108*'Daftar HPP'!$F$123 -> 1845.2951 | T108: 2 | U108: Saus Barbeque Spicy | V108: 80 | W108: gr | X108: =V108*'Daftar HPP'!$F$123 -> 3690.5901 | Z108: 2 | AA108: Saus Barbeque Spicy | AB108: 80 | AC108: gr | AD108: =AB108*'Daftar HPP'!$F$123 -> 3690.5901 | AF108: 2 | AG108: Saus Barbeque Spicy | AH108: 80 | AI108: gr | AJ108: =AH108*'Daftar HPP'!$F$123 -> 3690.5901
B109: 3 | C109: Nasi | D109: 1 | E109: Porsi | F109: =D109*'Daftar HPP'!$G$13 -> 1200 | H109: 3 | I109: Nasi | J109: 1 | K109: Porsi | L109: =J109*'Daftar HPP'!$G$13 -> 1200 | N109: 3 | O109: Nasi | P109: 1 | Q109: Porsi | R109: =P109*'Daftar HPP'!$G$13 -> 1200 | T109: 3 | U109: Nasi | V109: 1 | W109: Porsi | X109: =V109*'Daftar HPP'!$G$13 -> 1200 | Z109: 3 | AA109: Nasi | AB109: 1 | AC109: Porsi | AD109: =AB109*'Daftar HPP'!$G$13 -> 1200 | AF109: 3 | AG109: Nasi | AH109: 1 | AI109: Porsi | AJ109: =AH109*'Daftar HPP'!$G$13 -> 1200
...

Sheet Minuman
B2: HPP MINUMAN D'CELUP CHICKEN CRISPY EXTRA
B4: HPP MINUMAN D'CELUP CHICKEN CRISPY EXTRA
B5: No | C5: Nama bahan | D5: qty | E5: satuan | F5: Jumlah | G5: Harga/gr
B6: 1 | C6: Bubuk Matcha | D6: 500 | E6: gr | F6: 72000 | G6: =F6/D6 -> 144
B7: 2 | C7: Susu Full Cream | D7: 1000 | E7: ml | F7: 20000 | G7: =F7/D7 -> 20
B8: 3 | C8: Gula Pasir | D8: 1000 | E8: gr | F8: 18000 | G8: =F8/D8 -> 18
B9: 4 | C9: Air | D9: 19000 | E9: ml | F9: 6000 | G9: =F9/D9 -> 0.31578947
B10: 5 | C10: Bubuk Taro | D10: 200 | E10: gr | F10: 25000 | G10: =F10/D10 -> 125
B11: 6 | C11: Sticky Milky Coklat | D11: 500 | E11: gr | F11: 45000 | G11: =F11/D11 -> 90
B12: 7 | C12: T.e.h solo | D12: 500 | E12: gr | F12: 60000 | G12: =F12/D12 -> 120
B13: 8 | C13: Es Batu | D13: 1 | E13: cup | F13: 231 | G13: =F13/D13 -> 231
B14: 9 | C14: Cup 14 oz | D14: 50 | E14: pcs | F14: 15000 | G14: =F14/D14 -> 300
B15: 10 | C15: Tutup Cup | D15: 50 | E15: pcs | F15: 15000 | G15: =F15/D15 -> 300
B16: 11 | C16: Sedotan | D16: 100 | E16: pcs | F16: 20000 | G16: =F16/D16 -> 200
B18: 1. HPP Gula Cair | H18: 2. ) HPP Basic t.e.h
B19: No | C19: Nama Bahan | D19: Qty | E19: Satuan | F19: Jumlah | H19: No | I19: Nama bahan | J19: qty | K19: satuan | L19: Jumlah
B20: 1 | C20: Gula Pasir | D20: 1000 | E20: gr | F20: =D20*$G$8 -> 18000 | H20: 1 | I20: T.e.h (16 sendok takar) | J20: 70 | K20: gr | L20: =J20*$G$12 -> 8400
B21: 2 | C21: Air Panas | D21: 500 | E21: ml | F21: =D21*$G$9 -> 157.89474 | H21: 2 | I21: Air | J21: 2000 | K21: ml | L21: =J21*$G$9 -> 631.57895
B22: 1 Resep Gula Cair bisa dipakai 44 porsi | D22: Total | F22: =SUM(F20:F20) -> 18000 | J22: Total | L22: =SUM(L20:L21) -> 9031.5789
D23: Berat Jadi | F23: 1100 | J23: T.e.h Matang / ml | L23: 1800
D24: Hpp /ml | F24: =F22/F23 -> 16.363636 | J24: hpp T.e.h / ml | L24: =L22/L23 -> 5.0175439
B26: HPP DAN HARGA JUAL MINUMAN D'CELUP CHICKEN CRISPY EXTRA
B27: 1. Minuman Matcha Latte | H27: 3. Minuman Matcha Coklat
B28: No | C28: Item | D28: Qty | E28: Satuan | F28: Jumlah | H28: No | I28: Item | J28: Qty | K28: Satuan | L28: Jumlah
B29: 1 | C29: Bubuk Matcha | D29: 20 | E29: gr | F29: =D29*$G$6 -> 2880 | H29: 1 | I29: Bubuk Matcha | J29: 20 | K29: gr | L29: =J29*$G$6 -> 2880
B30: 2 | C30: Air Panas untuk larutan Matcha | D30: 50 | E30: ml | F30: =D30*$G$9 -> 15.789474 | H30: 2 | I30: Air Panas untuk larutan Matcha | J30: 50 | K30: ml | L30: =J30*$G$9 -> 15.789474
B31: 3 | C31: Gula Cair | D31: 25 | E31: ml | F31: =D31*$F$24 -> 409.09091 | H31: 3 | I31: Gula Cair | J31: 25 | K31: ml | L31: =J31*$F$24 -> 409.09091
B32: 4 | C32: Susu Full Cream | D32: 100 | E32: ml | F32: =D32*$G$7 -> 2000 | H32: 4 | I32: Sticky Milky | J32: 15 | K32: gr | L32: =J32*$G$11 -> 1350
B33: 5 | C33: Es Batu | D33: 1 | E33: cup | F33: =D33*$G$13 -> 231 | H33: 5 | I33: Air Panas u/ larut bubuk coklat | J33: 25 | K33: ml | L33: =J33*$G$9 -> 7.8947368
B34: 6 | C34: Cup 14 oz | D34: 1 | E34: pcs | F34: =D34*$G$14 -> 300 | H34: 6 | I34: Susu Full Cream | J34: 100 | K34: ml | L34: =J34*$G$7 -> 2000
B35: 7 | C35: Tutup Cup | D35: 1 | E35: pcs | F35: =D35*$G$15 -> 300 | H35: 7 | I35: Es Batu | J35: 1 | K35: cup | L35: =J35*$G$13 -> 231
B36: 8 | C36: Sedotan | D36: 1 | E36: pcs | F36: =D36*$G$16 -> 200 | H36: 8 | I36: Cup 14 oz | J36: 1 | K36: pcs | L36: =J36*$G$14 -> 300
D37: Total HPP | F37: =SUM(F29:F36) -> 6335.8804 | H37: 9 | I37: Tutup Cup | J37: 1 | K37: pcs | L37: =J37*$G$15 -> 300
D38: Harga Jual | F38: 13000 | H38: 10 | I38: Sedotan | J38: 1 | K38: pcs | L38: =J38*$G$16 -> 200
D39: Margin | F39: =F38-F37 -> 6664.1196 | J39: Total HPP | L39: =SUM(L29:L38) -> 7693.7751
J40: Harga Jual | L40: 15000
B41: 2. Minuman Matcha Taro | J41: Margin | L41: =L40-L39 -> 7306.2249
B42: No | C42: Item | D42: Qty | E42: Satuan | F42: Jumlah
B43: 1 | C43: Bubuk Matcha | D43: 20 | E43: gr | F43: =D43*$G$6 -> 2880 | H43: 4. Minuman Es Teh
B44: 2 | C44: Air Panas untuk larutan Matcha | D44: 50 | E44: ml | F44: =D44*$G$9 -> 15.789474 | H44: No | I44: Item | J44: Qty | K44: Satuan | L44: Jumlah
B45: 3 | C45: Gula Cair | D45: 25 | E45: ml | F45: =D45*$F$24 -> 409.09091 | H45: 1 | I45: Air T.e.h | J45: 100 | K45: ml | L45: =J45*$L$24 -> 501.75439
B46: 4 | C46: Bubuk Taro | D46: 15 | E46: gr | F46: =D46*$G$10 -> 1875 | H46: 2 | I46: Gula Cair | J46: 30 | K46: ml | L46: =J46*$F$24 -> 490.90909
B47: 5 | C47: Air Panas u/ larut bubuk taro | D47: 25 | E47: ml | F47: =D47*$G$9 -> 7.8947368 | H47: 3 | I47: Sedotan | J47: 1 | K47: pcs | L47: =J47*$G$16 -> 200
B48: 6 | C48: Susu Full Cream | D48: 100 | E48: ml | F48: =D48*$G$7 -> 2000 | H48: 4 | I48: Es Batu | J48: 1 | K48: cup | L48: =J48*$G$13 -> 231
B49: 7 | C49: Es Batu | D49: 1 | E49: cup | F49: =D49*$G$13 -> 231 | H49: 5 | I49: Cup 14 oz | J49: 1 | K49: pcs | L49: =J49*$G$14 -> 300
B50: 8 | C50: Cup 14 oz | D50: 1 | E50: pcs | F50: =D50*$G$14 -> 300 | H50: 6 | I50: Tutup Cup | J50: 1 | K50: pcs | L50: =J50*$G$15 -> 300
B51: 9 | C51: Tutup Cup | D51: 1 | E51: pcs | F51: =D51*$G$15 -> 300 | J51: Total | L51: =SUM(L45:L49) -> 1723.6635
B52: 10 | C52: Sedotan | D52: 1 | E52: pcs | F52: =D52*$G$16 -> 200 | J52: Harga Jual | L52: 5000
D53: Total HPP | F53: =SUM(F43:F52) -> 8218.7751 | J53: Margin | L53: =L52-L51 -> 3276.3365
D54: Harga Jual | F54: 15000
D55: Margin | F55: =F54-F53 -> 6781.2249
B57: 1. Rincian Daftar Harga HPP dan Harga Jual Minuman D'Celup Chicken Crispy Extra
B58: No | C58: Menu | D58: Qty | E58: Satuan | F58: Hpp | G58: Margine | H58: Harga Jual
B59: 1 | C59: Minuman Matcha Latte | D59: 1 | E59: Porsi | F59: =D59*F37 -> 6335.8804 | G59: =H59-F59 -> 6664.1196 | H59: =F38 -> 13000
B60: 2 | C60: Minuman Matcha Taro | D60: 1 | E60: Porsi | F60: =F53 -> 8218.7751 | G60: =H60-F60 -> 6781.2249 | H60: =F54 -> 15000
B61: 3 | C61: Minuman Matcha Coklat | D61: 1 | E61: Porsi | F61: =L39 -> 7693.7751 | G61: =H61-F61 -> 7306.2249 | H61: =L40 -> 15000
B62: 4 | C62: Minuman Es Teh | D62: 1 | E62: Porsi | F62: =L51 -> 1723.6635 | G62: =H62-F62 -> 3276.3365 | H62: =L52 -> 5000
